,Time [s],Channel 1,Channel 2,Channel 3,Channel 4
0,0.00,0.00,0.00,0.00,0.00
1,0.03,0.00,0.00,0.00,0.00
2,0.07,0.00,0.00,0.00,0.00
3,0.10,0.00,0.00,0.00,0.00
4,0.13,0.00,0.00,0.00,0.00
5,0.17,0.00,0.00,0.00,0.00
6,0.20,0.00,0.00,0.00,0.00
7,0.23,0.00,0.00,0.00,0.00
8,0.27,0.00,0.00,0.00,0.00
9,0.30,0.00,0.00,0.00,0.00
10,0.33,0.00,0.00,0.00,0.00
11,0.37,0.00,0.00,0.00,0.00
12,0.40,0.00,0.00,0.00,0.00
13,0.43,0.00,0.00,0.00,0.00
14,0.47,0.00,0.00,0.00,0.00
15,0.50,0.00,0.00,0.00,0.00
16,0.53,0.00,0.00,0.00,0.00
17,0.57,0.00,0.00,0.00,0.00
18,0.60,0.00,0.00,0.00,0.00
19,0.63,0.00,0.00,0.00,0.00
20,0.67,0.00,0.00,0.00,0.00
21,0.70,0.00,0.00,0.00,0.00
22,0.73,0.00,0.00,0.00,0.00
23,0.77,0.00,0.00,0.00,0.00
24,0.80,0.00,0.00,0.00,0.00
25,0.83,0.00,0.00,0.00,0.00
26,0.87,0.00,0.00,0.00,0.00
27,0.90,0.00,0.00,0.00,0.00
28,0.93,0.00,0.00,0.00,0.00
29,0.97,0.00,0.00,0.00,0.00
30,1.00,0.00,0.00,0.00,0.00
31,1.03,0.00,0.00,0.00,0.00
32,1.07,0.00,0.00,0.00,0.00
33,1.10,0.00,0.00,0.00,0.00
34,1.13,0.00,0.00,0.00,0.00
35,1.17,0.00,0.00,0.00,0.00
36,1.20,0.00,0.00,0.00,0.00
37,1.23,0.00,0.00,0.00,0.00
38,1.27,0.00,0.00,0.00,0.00
39,1.30,0.00,0.00,0.00,0.00
40,1.33,0.00,0.00,0.00,0.00
41,1.37,0.00,0.00,0.00,0.00
42,1.40,0.00,0.00,0.00,0.00
43,1.43,0.00,0.00,0.00,0.00
44,1.47,0.00,0.00,0.00,0.00
45,1.50,0.00,0.00,0.00,0.00
46,1.53,0.00,0.00,0.00,0.00
47,1.57,0.00,0.00,0.00,0.00
48,1.60,0.00,0.00,0.00,0.00
49,1.63,0.00,0.00,0.00,0.00
50,1.67,0.00,0.00,0.00,0.00
51,1.70,0.00,0.00,0.00,0.00
52,1.73,0.00,0.00,0.00,0.00
53,1.77,0.00,0.00,0.00,0.00
54,1.80,0.00,0.00,0.00,0.00
55,1.83,0.00,0.00,0.00,0.00
56,1.87,0.00,0.00,0.00,0.00
57,1.90,0.00,0.00,0.00,0.00
58,1.93,0.00,0.00,0.00,0.00
59,1.97,0.00,0.00,0.00,0.00
60,2.00,0.00,0.00,0.00,0.00
61,2.03,0.00,0.00,0.00,0.00
62,2.07,0.00,0.00,0.00,0.00
63,2.10,0.00,0.00,0.00,0.00
64,2.13,0.00,0.00,0.00,0.00
65,2.17,0.00,0.00,0.00,0.00
66,2.20,0.00,0.00,0.00,0.00
67,2.23,0.00,0.00,0.00,0.00
68,2.27,0.00,0.00,0.00,0.00
69,2.30,0.00,0.00,0.00,0.00
70,2.33,0.00,0.00,0.00,0.00
71,2.37,0.00,0.00,0.00,0.00
72,2.40,0.00,0.00,0.00,0.00
73,2.43,0.00,0.00,0.00,0.00
74,2.47,0.00,0.00,0.00,0.00
75,2.50,0.00,0.00,0.00,0.00
76,2.53,0.00,0.00,0.00,0.00
77,2.57,0.00,0.00,0.00,0.00
78,2.60,0.00,0.00,0.00,0.00
79,2.63,0.00,0.00,0.00,0.00
80,2.67,0.00,0.00,0.00,0.00
81,2.70,0.00,0.00,0.00,0.00
82,2.73,0.00,0.00,0.00,0.00
83,2.77,0.00,0.00,0.00,0.00
84,2.80,0.00,0.00,0.00,0.00
85,2.83,0.00,0.00,0.00,0.00
86,2.87,0.00,0.00,0.00,0.00
87,2.90,0.00,0.00,0.00,0.00
88,2.93,0.00,0.00,0.00,0.00
89,2.97,0.00,0.00,0.00,0.00
90,3.00,0.00,0.00,0.00,0.00
91,3.03,0.00,0.00,0.00,0.00
92,3.07,0.00,0.00,0.00,0.00
93,3.10,0.00,0.00,0.00,0.00
94,3.13,0.00,0.00,0.00,0.00
95,3.17,0.00,0.00,0.00,0.00
96,3.20,0.00,0.00,0.00,0.00
97,3.23,0.00,0.00,0.00,0.00
98,3.27,0.00,0.00,0.00,0.00
99,3.30,0.00,0.00,0.00,0.00
100,3.33,0.00,0.00,0.00,0.00
101,3.37,0.00,0.00,0.00,0.00
102,3.40,0.00,0.00,0.00,0.00
103,3.43,0.00,0.00,0.00,0.00
104,3.47,0.00,0.00,0.00,0.00
105,3.50,0.00,0.00,0.00,0.00
106,3.53,0.00,0.00,0.00,0.00
107,3.57,0.00,0.00,0.00,0.00
108,3.60,0.00,0.00,0.00,0.00
109,3.63,0.00,0.00,0.00,0.00
110,3.67,0.00,0.00,0.00,0.00
111,3.70,0.00,0.00,0.00,0.00
112,3.73,0.00,0.00,0.00,0.00
113,3.77,0.00,0.00,0.00,0.00
114,3.80,0.00,0.00,0.00,0.00
115,3.83,0.00,0.00,0.00,0.00
116,3.87,0.00,0.00,0.00,0.00
117,3.90,0.00,0.00,0.00,0.00
118,3.93,0.00,0.00,0.00,0.00
119,3.97,0.00,0.00,0.00,0.00
120,4.00,0.00,0.00,0.00,0.00
121,4.03,0.00,0.00,0.00,0.00
122,4.07,0.00,0.00,0.00,0.00
123,4.10,0.00,0.00,0.00,0.00
124,4.13,0.00,0.00,0.00,0.00
125,4.17,0.00,0.00,0.00,0.00
126,4.20,0.00,0.00,0.00,0.00
127,4.23,0.00,0.00,0.00,0.00
128,4.27,0.00,0.00,0.00,0.00
129,4.30,0.00,0.00,0.00,0.00
130,4.33,0.00,0.00,0.00,0.00
131,4.37,0.00,0.00,0.00,0.00
132,4.40,0.00,0.00,0.00,0.00
133,4.43,0.00,0.00,0.00,0.00
134,4.47,0.00,0.00,0.00,0.00
135,4.50,0.00,0.00,0.00,0.00
136,4.53,0.00,0.00,0.00,0.00
137,4.57,0.00,0.00,0.00,0.00
138,4.60,0.00,0.00,0.00,0.00
139,4.63,0.00,0.00,0.00,0.00
140,4.67,0.00,0.00,0.00,0.00
141,4.70,0.00,0.00,0.00,0.00
142,4.73,0.00,0.00,0.00,0.00
143,4.77,0.00,0.00,0.00,0.00
144,4.80,0.00,0.00,0.00,0.00
145,4.83,0.00,0.00,0.00,0.00
146,4.87,0.00,0.00,0.00,0.00
147,4.90,0.00,0.00,0.00,0.00
148,4.93,0.00,0.00,0.00,0.00
149,4.97,0.00,0.00,0.00,0.00
150,5.00,0.00,0.00,0.00,0.00
151,5.03,0.00,0.00,0.00,0.00
152,5.07,0.00,0.00,0.00,0.00
153,5.10,0.00,0.00,0.00,0.00
154,5.13,0.00,0.00,0.00,0.00
155,5.17,0.00,0.00,0.00,0.00
156,5.20,0.00,0.00,0.00,0.00
157,5.23,0.00,0.00,0.00,0.00
158,5.27,0.00,0.00,0.00,0.00
159,5.30,0.00,0.00,0.00,0.00
160,5.33,0.00,0.00,0.00,0.00
161,5.37,0.00,0.00,0.00,0.00
162,5.40,0.00,0.00,0.00,0.00
163,5.43,0.00,0.00,0.00,0.00
164,5.47,0.00,0.00,0.00,0.00
165,5.50,0.00,0.00,0.00,0.00
166,5.53,0.00,0.00,0.00,0.00
167,5.57,0.00,0.00,0.00,0.00
168,5.60,0.00,0.00,0.00,0.00
169,5.63,0.00,0.00,0.00,0.00
170,5.67,0.00,0.00,0.00,0.00
171,5.70,0.00,0.00,0.00,0.00
172,5.73,0.00,0.00,0.00,0.00
173,5.77,0.00,0.00,0.00,0.00
174,5.80,0.00,0.00,0.00,0.00
175,5.83,0.00,0.00,0.00,0.00
176,5.87,0.00,0.00,0.00,0.00
177,5.90,0.00,0.00,0.00,0.00
178,5.93,0.00,0.00,0.00,0.00
179,5.97,0.00,0.00,0.00,0.00
180,6.00,0.00,0.00,0.00,0.00
181,6.03,0.00,0.00,0.00,0.00
182,6.07,0.00,0.00,0.00,0.00
183,6.10,0.00,0.00,0.00,0.00
184,6.13,0.00,0.00,0.00,0.00
185,6.17,0.00,0.00,0.00,0.00
186,6.20,0.00,0.00,0.00,0.00
187,6.23,0.00,0.00,0.00,0.00
188,6.27,0.00,0.00,0.00,0.00
189,6.30,0.00,0.00,0.00,0.00
190,6.33,0.00,0.00,0.00,0.00
191,6.37,0.00,0.00,0.00,0.00
192,6.40,0.00,0.00,0.00,0.00
193,6.43,0.00,0.00,0.00,0.00
194,6.47,0.00,0.00,0.00,0.00
195,6.50,0.00,0.00,0.00,0.00
196,6.53,0.00,0.00,0.00,0.00
197,6.57,0.00,0.00,0.00,0.00
198,6.60,0.00,0.00,0.00,0.00
199,6.63,0.00,0.00,0.00,0.00
200,6.67,0.00,0.00,0.00,0.00
201,6.70,0.00,0.00,0.00,0.00
202,6.73,0.00,0.00,0.00,0.00
203,6.77,0.00,0.00,0.00,0.00
204,6.80,0.00,0.00,0.00,0.00
205,6.83,0.00,0.00,0.00,0.00
206,6.87,0.00,0.00,0.00,0.00
207,6.90,0.00,0.00,0.00,0.00
208,6.93,0.00,0.00,0.00,0.00
209,6.97,0.00,0.00,0.00,0.00
210,7.00,0.00,0.00,0.00,0.00
211,7.03,0.00,0.00,0.00,0.00
212,7.07,0.00,0.00,0.00,0.00
213,7.10,0.00,0.00,0.00,0.00
214,7.13,0.00,0.00,0.00,0.00
215,7.17,0.00,0.00,0.00,0.00
216,7.20,0.00,0.00,0.00,0.00
217,7.23,0.00,0.00,0.00,0.00
218,7.27,0.00,0.00,0.00,0.00
219,7.30,0.00,0.00,0.00,0.00
220,7.33,0.00,0.00,0.00,0.00
221,7.37,0.00,0.00,0.00,0.00
222,7.40,0.00,0.00,0.00,0.00
223,7.43,0.00,0.00,0.00,0.00
224,7.47,0.00,0.00,0.00,0.00
225,7.50,0.00,0.00,0.00,0.00
226,7.53,0.00,0.00,0.00,0.00
227,7.57,0.00,0.00,0.00,0.00
228,7.60,0.00,0.00,0.00,0.00
229,7.63,0.00,0.00,0.00,0.00
230,7.67,0.00,0.00,0.00,0.00
231,7.70,0.00,0.00,0.00,0.00
232,7.73,0.00,0.00,0.00,0.00
233,7.77,0.00,0.00,0.00,0.00
234,7.80,0.00,0.00,0.00,0.00
235,7.83,0.00,0.00,0.00,0.00
236,7.87,0.00,0.00,0.00,0.00
237,7.90,0.00,0.00,0.00,0.00
238,7.93,0.00,0.00,0.00,0.00
239,7.97,0.00,0.00,0.00,0.00
240,8.00,0.00,0.00,0.00,0.00
241,8.03,0.00,0.00,0.00,0.00
242,8.07,0.00,0.00,0.00,0.00
243,8.10,0.00,0.00,0.00,0.00
244,8.13,0.00,0.00,0.00,0.00
245,8.17,0.00,0.00,0.00,0.00
246,8.20,0.00,0.00,0.00,0.00
247,8.23,0.00,0.00,0.00,0.00
248,8.27,0.00,0.00,0.00,0.00
249,8.30,0.00,0.00,0.00,0.00
250,8.33,0.00,0.00,0.00,0.00
251,8.37,0.00,0.00,0.00,0.00
252,8.40,0.00,0.00,0.00,0.00
253,8.43,0.00,0.00,0.00,0.00
254,8.47,0.00,0.00,0.00,0.00
255,8.50,0.00,0.00,0.00,0.00
256,8.53,0.00,0.00,0.00,0.00
257,8.57,0.00,0.00,0.00,0.00
258,8.60,0.00,0.00,0.00,0.00
259,8.63,0.00,0.00,0.00,0.00
260,8.67,0.00,0.00,0.00,0.00
261,8.70,0.00,0.00,0.00,0.00
262,8.73,0.00,0.00,0.00,0.00
263,8.77,0.00,0.00,0.00,0.00
264,8.80,0.00,0.00,0.00,0.00
265,8.83,0.00,0.00,0.00,0.00
266,8.87,0.00,0.00,0.00,0.00
267,8.90,0.00,0.00,0.00,0.00
268,8.93,0.00,0.00,0.00,0.00
269,8.97,0.00,0.00,0.00,0.00
270,9.00,0.00,0.00,0.00,0.00
271,9.03,0.00,0.00,0.00,0.00
272,9.07,0.00,0.00,0.00,0.00
273,9.10,0.00,0.00,0.00,0.00
274,9.13,0.00,0.00,0.00,0.00
275,9.17,0.00,0.00,0.00,0.00
276,9.20,0.00,0.00,0.00,0.00
277,9.23,0.00,0.00,0.00,0.00
278,9.27,0.00,0.00,0.00,0.00
279,9.30,0.00,0.00,0.00,0.00
280,9.33,0.00,0.00,0.00,0.00
281,9.37,0.00,0.00,0.00,0.00
282,9.40,0.00,0.00,0.00,0.00
283,9.43,0.00,0.00,0.00,0.00
284,9.47,0.00,0.00,0.00,0.00
285,9.50,0.00,0.00,0.00,0.00
286,9.53,0.00,0.00,0.00,0.00
287,9.57,0.00,0.00,0.00,0.00
288,9.60,0.00,0.00,0.00,0.00
289,9.63,0.00,0.00,0.00,0.00
290,9.67,0.00,0.00,0.00,0.00
291,9.70,0.00,0.00,0.00,0.00
292,9.73,0.00,0.00,0.00,0.00
293,9.77,0.00,0.00,0.00,0.00
294,9.80,0.00,0.00,0.00,0.00
295,9.83,0.00,0.00,0.00,0.00
296,9.87,0.00,0.00,0.00,0.00
297,9.90,0.00,0.00,0.00,0.00
298,9.93,0.00,0.00,0.00,0.00
299,9.97,0.00,0.00,0.00,0.00
300,10.00,0.00,0.00,0.00,0.00
301,10.03,0.00,0.00,0.00,0.00
302,10.07,0.00,0.00,0.00,0.00
303,10.10,0.00,0.00,0.00,0.00
304,10.13,0.00,0.00,0.00,0.00
305,10.17,0.00,0.00,0.00,0.00
306,10.20,0.00,0.00,0.00,0.00
307,10.23,0.00,0.00,0.00,0.00
308,10.27,0.00,0.00,0.00,0.00
309,10.30,0.00,0.00,0.00,0.00
310,10.33,0.00,0.00,0.00,0.00
311,10.37,0.00,0.00,0.00,0.00
312,10.40,0.00,0.00,0.00,0.00
313,10.43,0.00,0.00,0.00,0.00
314,10.47,0.00,0.00,0.00,0.00
315,10.50,0.00,0.00,0.00,0.00
316,10.53,0.00,0.00,0.00,0.00
317,10.57,0.00,0.00,0.00,0.00
318,10.60,0.00,0.00,0.00,0.00
319,10.63,0.00,0.00,0.00,0.00
320,10.67,0.00,0.00,0.00,0.00
321,10.70,0.00,0.00,0.00,0.00
322,10.73,0.00,0.00,0.00,0.00
323,10.77,0.00,0.00,0.00,0.00
324,10.80,0.00,0.00,0.00,0.00
325,10.83,0.00,0.00,0.00,0.00
326,10.87,0.00,0.00,0.00,0.00
327,10.90,0.00,0.00,0.00,0.00
328,10.93,0.00,0.00,0.00,0.00
329,10.97,0.00,0.00,0.00,0.00
330,11.00,0.00,0.00,0.00,0.00
331,11.03,0.00,0.00,0.00,0.00
332,11.07,0.00,0.00,0.00,0.00
333,11.10,0.00,0.00,0.00,0.00
334,11.13,0.00,0.00,0.00,0.00
335,11.17,0.00,0.00,0.00,0.00
336,11.20,0.00,0.00,0.00,0.00
337,11.23,0.00,0.00,0.00,0.00
338,11.27,0.00,0.00,0.00,0.00
339,11.30,0.00,0.00,0.00,0.00
340,11.33,0.00,0.00,0.00,0.00
341,11.37,0.00,0.00,0.00,0.00
342,11.40,0.00,0.00,0.00,0.00
343,11.43,0.00,0.00,0.00,0.00
344,11.47,0.00,0.00,0.00,0.00
345,11.50,0.00,0.00,0.00,0.00
346,11.53,0.00,0.00,0.00,0.00
347,11.57,0.00,0.00,0.00,0.00
348,11.60,0.00,0.00,0.00,0.00
349,11.63,0.00,0.00,0.00,0.00
350,11.67,0.00,0.00,0.00,0.00
351,11.70,0.00,0.00,0.00,0.00
352,11.73,0.00,0.00,0.00,0.00
353,11.77,0.00,0.00,0.00,0.00
354,11.80,0.00,0.00,0.00,0.00
355,11.83,0.00,0.00,0.00,0.00
356,11.87,0.00,0.00,0.00,0.00
357,11.90,0.00,0.00,0.00,0.00
358,11.93,0.00,0.00,0.00,0.00
359,11.97,0.00,0.00,0.00,0.00
360,12.00,0.00,0.00,0.00,0.00
361,12.03,0.00,0.00,0.00,0.00
362,12.07,0.00,0.00,0.00,0.00
363,12.10,0.00,0.00,0.00,0.00
364,12.13,0.00,0.00,0.00,0.00
365,12.17,0.00,0.00,0.00,0.00
366,12.20,0.00,0.00,0.00,0.00
367,12.23,0.00,0.00,0.00,0.00
368,12.27,0.00,0.00,0.00,0.00
369,12.30,0.00,0.00,0.00,0.00
370,12.33,0.00,0.00,0.00,0.00
371,12.37,0.00,0.00,0.00,0.00
372,12.40,0.00,0.00,0.00,0.00
373,12.43,0.00,0.00,0.00,0.00
374,12.47,0.00,0.00,0.00,0.00
375,12.50,0.00,0.00,0.00,0.00
376,12.53,0.00,0.00,0.00,0.00
377,12.57,0.00,0.00,0.00,0.00
378,12.60,0.00,0.00,0.00,0.00
379,12.63,0.00,0.00,0.00,0.00
380,12.67,0.00,0.00,0.00,0.00
381,12.70,0.00,0.00,0.00,0.00
382,12.73,0.00,0.00,0.00,0.00
383,12.77,0.00,0.00,0.00,0.00
384,12.80,0.00,0.00,0.00,0.00
385,12.83,0.00,0.00,0.00,0.00
386,12.87,0.00,0.00,0.00,0.00
387,12.90,0.00,0.00,0.00,0.00
388,12.93,0.00,0.00,0.00,0.00
389,12.97,0.00,0.00,0.00,0.00
390,13.00,0.00,0.00,0.00,0.00
391,13.03,0.00,0.00,0.00,0.00
392,13.07,0.00,0.00,0.00,0.00
393,13.10,0.00,0.00,0.00,0.00
394,13.13,0.00,0.00,0.00,0.00
395,13.17,0.00,0.00,0.00,0.00
396,13.20,0.00,0.00,0.00,0.00
397,13.23,0.00,0.00,0.00,0.00
398,13.27,0.00,0.00,0.00,0.00
399,13.30,0.00,0.00,0.00,0.00
400,13.33,0.00,0.00,0.00,0.00
401,13.37,0.00,0.00,0.00,0.00
402,13.40,0.00,0.00,0.00,0.00
403,13.43,0.00,0.00,0.00,0.00
404,13.47,0.00,0.00,0.00,0.00
405,13.50,0.00,0.00,0.00,0.00
406,13.53,0.00,0.00,0.00,0.00
407,13.57,0.00,0.00,0.00,0.00
408,13.60,0.00,0.00,0.00,0.00
409,13.63,0.00,0.00,0.00,0.00
410,13.67,0.00,0.00,0.00,0.00
411,13.70,0.00,0.00,0.00,0.00
412,13.73,0.00,0.00,0.00,0.00
413,13.77,0.00,0.00,0.00,0.00
414,13.80,0.00,0.00,0.00,0.00
415,13.83,0.00,0.00,0.00,0.00
416,13.87,0.00,0.00,0.00,0.00
417,13.90,0.00,0.00,0.00,0.00
418,13.93,0.00,0.00,0.00,0.00
419,13.97,0.00,0.00,0.00,0.00
420,14.00,0.00,0.00,0.00,0.00
421,14.03,0.00,0.00,0.00,0.00
422,14.07,0.00,0.00,0.00,0.00
423,14.10,0.00,0.00,0.00,0.00
424,14.13,0.00,0.00,0.00,0.00
425,14.17,0.00,0.00,0.00,0.00
426,14.20,0.00,0.00,0.00,0.00
427,14.23,0.00,0.00,0.00,0.00
428,14.27,0.00,0.00,0.00,0.00
429,14.30,0.00,0.00,0.00,0.00
430,14.33,0.00,0.00,0.00,0.00
431,14.37,0.00,0.00,0.00,0.00
432,14.40,0.00,0.00,0.00,0.00
433,14.43,0.00,0.00,0.00,0.00
434,14.47,0.00,0.00,0.00,0.00
435,14.50,0.00,0.00,0.00,0.00
436,14.53,0.00,0.00,0.00,0.00
437,14.57,0.00,0.00,0.00,0.00
438,14.60,0.00,0.00,0.00,0.00
439,14.63,0.00,0.00,0.00,0.00
440,14.67,0.00,0.00,0.00,0.00
441,14.70,0.00,0.00,0.00,0.00
442,14.73,0.00,0.00,0.00,0.00
443,14.77,0.00,0.00,0.00,0.00
444,14.80,0.00,0.00,0.00,0.00
445,14.83,0.00,0.00,0.00,0.00
446,14.87,0.00,0.00,0.00,0.00
447,14.90,0.00,0.00,0.00,0.00
448,14.93,0.00,0.00,0.00,0.00
449,14.97,0.00,0.00,0.00,0.00
450,15.00,0.00,0.00,0.00,0.00
451,15.03,0.00,0.00,0.00,0.00
452,15.07,0.00,0.00,0.00,0.00
453,15.10,0.00,0.00,0.00,0.00
454,15.13,0.00,0.00,0.00,0.00
455,15.17,0.00,0.00,0.00,0.00
456,15.20,0.00,0.00,0.00,0.00
457,15.23,0.00,0.00,0.00,0.00
458,15.27,0.00,0.00,0.00,0.00
459,15.30,0.00,0.00,0.00,0.00
460,15.33,0.00,0.00,0.00,0.00
461,15.37,0.00,0.00,0.00,0.00
462,15.40,0.00,0.00,0.00,0.00
463,15.43,0.00,0.00,0.00,0.00
464,15.47,0.00,0.00,0.00,0.00
465,15.50,0.00,0.00,0.00,0.00
466,15.53,0.00,0.00,0.00,0.00
467,15.57,0.00,0.00,0.00,0.00
468,15.60,0.00,0.00,0.00,0.00
469,15.63,0.00,0.00,0.00,0.00
470,15.67,0.00,0.00,0.00,0.00
471,15.70,0.00,0.00,0.00,0.00
472,15.73,0.00,0.00,0.00,0.00
473,15.77,0.00,0.00,0.00,0.00
474,15.80,0.00,0.00,0.00,0.00
475,15.83,0.00,0.00,0.00,0.00
476,15.87,0.00,0.00,0.00,0.00
477,15.90,0.00,0.00,0.00,0.00
478,15.93,0.00,0.00,0.00,0.00
479,15.97,0.00,0.00,0.00,0.00
480,16.00,0.00,0.00,0.00,0.00
481,16.03,0.00,0.00,0.00,0.00
482,16.07,0.00,0.00,0.00,0.00
483,16.10,0.00,0.00,0.00,0.00
484,16.13,0.00,0.00,0.00,0.00
485,16.17,0.00,0.00,0.00,0.00
486,16.20,0.00,0.00,0.00,0.00
487,16.23,0.00,0.00,0.00,0.00
488,16.27,0.00,0.00,0.00,0.00
489,16.30,0.00,0.00,0.00,0.00
490,16.33,0.00,0.00,0.00,0.00
491,16.37,0.00,0.00,0.00,0.00
492,16.40,0.00,0.00,0.00,0.00
493,16.43,0.00,0.00,0.00,0.00
494,16.47,0.00,0.00,0.00,0.00
495,16.50,0.00,0.00,0.00,0.00
496,16.53,0.00,0.00,0.00,0.00
497,16.57,0.00,0.00,0.00,0.00
498,16.60,0.00,0.00,0.00,0.00
499,16.63,0.00,0.00,0.00,0.00
500,16.67,0.00,0.00,0.00,0.00
501,16.70,0.00,0.00,0.00,0.00
502,16.73,0.00,0.00,0.00,0.00
503,16.77,0.00,0.00,0.00,0.00
504,16.80,0.00,0.00,0.00,0.00
505,16.83,0.00,0.00,0.00,0.00
506,16.87,0.00,0.00,0.00,0.00
507,16.90,0.00,0.00,0.00,0.00
508,16.93,0.00,0.00,0.00,0.00
509,16.97,0.00,0.00,0.00,0.00
510,17.00,0.00,0.00,0.00,0.00
511,17.03,0.00,0.00,0.00,0.00
512,17.07,0.00,0.00,0.00,0.00
513,17.10,0.00,0.00,0.00,0.00
514,17.13,0.00,0.00,0.00,0.00
515,17.17,0.00,0.00,0.00,0.00
516,17.20,0.00,0.00,0.00,0.00
517,17.23,0.00,0.00,0.00,0.00
518,17.27,0.00,0.00,0.00,0.00
519,17.30,0.00,0.00,0.00,0.00
520,17.33,0.00,0.00,0.00,0.00
521,17.37,0.00,0.00,0.00,0.00
522,17.40,0.00,0.00,0.00,0.00
523,17.43,0.00,0.00,0.00,0.00
524,17.47,0.00,0.00,0.00,0.00
525,17.50,0.00,0.00,0.00,0.00
526,17.53,0.00,0.00,0.00,0.00
527,17.57,0.00,0.00,0.00,0.00
528,17.60,0.00,0.00,0.00,0.00
529,17.63,0.00,0.00,0.00,0.00
530,17.67,0.00,0.00,0.00,0.00
531,17.70,0.00,0.00,0.00,0.00
532,17.73,0.00,0.00,0.00,0.00
533,17.77,0.00,0.00,0.00,0.00
534,17.80,0.00,0.00,0.00,0.00
535,17.83,0.00,0.00,0.00,0.00
536,17.87,0.00,0.00,0.00,0.00
537,17.90,0.00,0.00,0.00,0.00
538,17.93,0.00,0.00,0.00,0.00
539,17.97,0.00,0.00,0.00,0.00
540,18.00,0.00,0.00,0.00,0.00
541,18.03,0.00,0.00,0.00,0.00
542,18.07,0.00,0.00,0.00,0.00
543,18.10,0.00,0.00,0.00,0.00
544,18.13,0.00,0.00,0.00,0.00
545,18.17,0.00,0.00,0.00,0.00
546,18.20,0.00,0.00,0.00,0.00
547,18.23,0.00,0.00,0.00,0.00
548,18.27,0.00,0.00,0.00,0.00
549,18.30,0.00,0.00,0.00,0.00
550,18.33,0.00,0.00,0.00,0.00
551,18.37,0.00,0.00,0.00,0.00
552,18.40,0.00,0.00,0.00,0.00
553,18.43,0.00,0.00,0.00,0.00
554,18.47,0.00,0.00,0.00,0.00
555,18.50,0.00,0.00,0.00,0.00
556,18.53,0.00,0.00,0.00,0.00
557,18.57,0.00,0.00,0.00,0.00
558,18.60,0.00,0.00,0.00,0.00
559,18.63,0.00,0.00,0.00,0.00
560,18.67,0.00,0.00,0.00,0.00
561,18.70,0.00,0.00,0.00,0.00
562,18.73,0.00,0.00,0.00,0.00
563,18.77,0.00,0.00,0.00,0.00
564,18.80,0.00,0.00,0.00,0.00
565,18.83,0.00,0.00,0.00,0.00
566,18.87,0.00,0.00,0.00,0.00
567,18.90,0.00,0.00,0.00,0.00
568,18.93,0.00,0.00,0.00,0.00
569,18.97,0.00,0.00,0.00,0.00
570,19.00,0.00,0.00,0.00,0.00
571,19.03,0.00,0.00,0.00,0.00
572,19.07,0.00,0.00,0.00,0.00
573,19.10,0.00,0.00,0.00,0.00
574,19.13,0.00,0.00,0.00,0.00
575,19.17,0.00,0.00,0.00,0.00
576,19.20,0.00,0.00,0.00,0.00
577,19.23,0.00,0.00,0.00,0.00
578,19.27,0.00,0.00,0.00,0.00
579,19.30,0.00,0.00,0.00,0.00
580,19.33,0.00,0.00,0.00,0.00
581,19.37,0.00,0.00,0.00,0.00
582,19.40,0.00,0.00,0.00,0.00
583,19.43,0.00,0.00,0.00,0.00
584,19.47,0.00,0.00,0.00,0.00
585,19.50,0.00,0.00,0.00,0.00
586,19.53,0.00,0.00,0.00,0.00
587,19.57,0.00,0.00,0.00,0.00
588,19.60,0.00,0.00,0.00,0.00
589,19.63,0.00,0.00,0.00,0.00
590,19.67,0.00,0.00,0.00,0.00
591,19.70,0.00,0.00,0.00,0.00
592,19.73,0.00,0.00,0.00,0.00
593,19.77,0.00,0.00,0.00,0.00
594,19.80,0.00,0.00,0.00,0.00
595,19.83,0.00,0.00,0.00,0.00
596,19.87,0.00,0.00,0.00,0.00
597,19.90,0.00,0.00,0.00,0.00
598,19.93,0.00,0.00,0.00,0.00
599,19.97,0.00,0.00,0.00,0.00
600,20.00,0.00,0.00,0.00,0.00
601,20.03,0.00,0.00,0.00,0.00
602,20.07,0.00,0.00,0.00,0.00
603,20.10,0.00,0.00,0.00,0.00
604,20.13,0.00,0.00,0.00,0.00
605,20.17,0.00,0.00,0.00,0.00
606,20.20,0.00,0.00,0.00,0.00
607,20.23,0.00,0.00,0.00,0.00
608,20.27,0.00,0.00,0.00,0.00
609,20.30,0.00,0.00,0.00,0.00
610,20.33,0.00,0.00,0.00,0.00
611,20.37,0.00,0.00,0.00,0.00
612,20.40,0.00,0.00,0.00,0.00
613,20.43,0.00,0.00,0.00,0.00
614,20.47,0.00,0.00,0.00,0.00
615,20.50,0.00,0.00,0.00,0.00
616,20.53,0.00,0.00,0.00,0.00
617,20.57,0.00,0.00,0.00,0.00
618,20.60,0.00,0.00,0.00,0.00
619,20.63,0.00,0.00,0.00,0.00
620,20.67,0.00,0.00,0.00,0.00
621,20.70,0.00,0.00,0.00,0.00
622,20.73,0.00,0.00,0.00,0.00
623,20.77,0.00,0.00,0.00,0.00
624,20.80,0.00,0.00,0.00,0.00
625,20.83,0.00,0.00,0.00,0.00
626,20.87,0.00,0.00,0.00,0.00
627,20.90,0.00,0.00,0.00,0.00
628,20.93,0.00,0.00,0.00,0.00
629,20.97,0.00,0.00,0.00,0.00
630,21.00,0.00,0.00,0.00,0.00
631,21.03,0.00,0.00,0.00,0.00
632,21.07,0.00,0.00,0.00,0.00
633,21.10,0.00,0.00,0.00,0.00
634,21.13,0.00,0.00,0.00,0.00
635,21.17,0.00,0.00,0.00,0.00
636,21.20,0.00,0.00,0.00,0.00
637,21.23,0.00,0.00,0.00,0.00
638,21.27,0.00,0.00,0.00,0.00
639,21.30,0.00,0.00,0.00,0.00
640,21.33,0.00,0.00,0.00,0.00
641,21.37,0.00,0.00,0.00,0.00
642,21.40,0.00,0.00,0.00,0.00
643,21.43,0.00,0.00,0.00,0.00
644,21.47,0.00,0.00,0.00,0.00
645,21.50,0.00,0.00,0.00,0.00
646,21.53,0.00,0.00,0.00,0.00
647,21.57,0.00,0.00,0.00,0.00
648,21.60,0.00,0.00,0.00,0.00
649,21.63,0.00,0.00,0.00,0.00
650,21.67,0.00,0.00,0.00,0.00
651,21.70,0.00,0.00,0.00,0.00
652,21.73,0.00,0.00,0.00,0.00
653,21.77,0.00,0.00,0.00,0.00
654,21.80,0.00,0.00,0.00,0.00
655,21.83,0.00,0.00,0.00,0.00
656,21.87,0.00,0.00,0.00,0.00
657,21.90,0.00,0.00,0.00,0.00
658,21.93,0.00,0.00,0.00,0.00
659,21.97,0.00,0.00,0.00,0.00
660,22.00,0.00,0.00,0.00,0.00
661,22.03,0.00,0.00,0.00,0.00
662,22.07,0.00,0.00,0.00,0.00
663,22.10,0.00,0.00,0.00,0.00
664,22.13,0.00,0.00,0.00,0.00
665,22.17,0.00,0.00,0.00,0.00
666,22.20,0.00,0.00,0.00,0.00
667,22.23,0.00,0.00,0.00,0.00
668,22.27,0.00,0.00,0.00,0.00
669,22.30,0.00,0.00,0.00,0.00
670,22.33,0.00,0.00,0.00,0.00
671,22.37,0.00,0.00,0.00,0.00
672,22.40,0.00,0.00,0.00,0.00
673,22.43,0.00,0.00,0.00,0.00
674,22.47,0.00,0.00,0.00,0.00
675,22.50,0.00,0.00,0.00,0.00
676,22.53,0.00,0.00,0.00,0.00
677,22.57,0.00,0.00,0.00,0.00
678,22.60,0.00,0.00,0.00,0.00
679,22.63,0.00,0.00,0.00,0.00
680,22.67,0.00,0.00,0.00,0.00
681,22.70,0.00,0.00,0.00,0.00
682,22.73,0.00,0.00,0.00,0.00
683,22.77,0.00,0.00,0.00,0.00
684,22.80,0.00,0.00,0.00,0.00
685,22.83,0.00,0.00,0.00,0.00
686,22.87,0.00,0.00,0.00,0.00
687,22.90,0.00,0.00,0.00,0.00
688,22.93,0.00,0.00,0.00,0.00
689,22.97,0.00,0.00,0.00,0.00
690,23.00,0.00,0.00,0.00,0.00
691,23.03,0.00,0.00,0.00,0.00
692,23.07,0.00,0.00,0.00,0.00
693,23.10,0.00,0.00,0.00,0.00
694,23.13,0.00,0.00,0.00,0.00
695,23.17,0.00,0.00,0.00,0.00
696,23.20,0.00,0.00,0.00,0.00
697,23.23,0.00,0.00,0.00,0.00
698,23.27,0.00,0.00,0.00,0.00
699,23.30,0.00,0.00,0.00,0.00
700,23.33,0.00,0.00,0.00,0.00
701,23.37,0.00,0.00,0.00,0.00
702,23.40,0.00,0.00,0.00,0.00
703,23.43,0.00,0.00,0.00,0.00
704,23.47,0.00,0.00,0.00,0.00
705,23.50,0.00,0.00,0.00,0.00
706,23.53,0.00,0.00,0.00,0.00
707,23.57,0.00,0.00,0.00,0.00
708,23.60,0.00,0.00,0.00,0.00
709,23.63,0.00,0.00,0.00,0.00
710,23.67,0.00,0.00,0.00,0.00
711,23.70,0.00,0.00,0.00,0.00
712,23.73,0.00,0.00,0.00,0.00
713,23.77,0.00,0.00,0.00,0.00
714,23.80,0.00,0.00,0.00,0.00
715,23.83,0.00,0.00,0.00,0.00
716,23.87,0.00,0.00,0.00,0.00
717,23.90,0.00,0.00,0.00,0.00
718,23.93,0.00,0.00,0.00,0.00
719,23.97,0.00,0.00,0.00,0.00
720,24.00,0.00,0.00,0.00,0.00
721,24.03,0.00,0.00,0.00,0.00
722,24.07,0.00,0.00,0.00,0.00
723,24.10,0.00,0.00,0.00,0.00
724,24.13,0.00,0.00,0.00,0.00
725,24.17,0.00,0.00,0.00,0.00
726,24.20,0.00,0.00,0.00,0.00
727,24.23,0.00,0.00,0.00,0.00
728,24.27,0.00,0.00,0.00,0.00
729,24.30,0.00,0.00,0.00,0.00
730,24.33,0.00,0.00,0.00,0.00
731,24.37,0.00,0.00,0.00,0.00
732,24.40,0.00,0.00,0.00,0.00
733,24.43,0.00,0.00,0.00,0.00
734,24.47,0.00,0.00,0.00,0.00
735,24.50,0.00,0.00,0.00,0.00
736,24.53,0.00,0.00,0.00,0.00
737,24.57,0.00,0.00,0.00,0.00
738,24.60,0.00,0.00,0.00,0.00
739,24.63,0.00,0.00,0.00,0.00
740,24.67,0.00,0.00,0.00,0.00
741,24.70,0.00,0.00,0.00,0.00
742,24.73,0.00,0.00,0.00,0.00
743,24.77,0.00,0.00,0.00,0.00
744,24.80,0.00,0.00,0.00,0.00
745,24.83,0.00,0.00,0.00,0.00
746,24.87,0.00,0.00,0.00,0.00
747,24.90,0.00,0.00,0.00,0.00
748,24.93,0.00,0.00,0.00,0.00
749,24.97,0.00,0.00,0.00,0.00
750,25.00,0.00,0.00,0.00,0.00
751,25.03,0.00,0.00,0.00,0.00
752,25.07,0.00,0.00,0.00,0.00
753,25.10,0.00,0.00,0.00,0.00
754,25.13,0.00,0.00,0.00,0.00
755,25.17,0.00,0.00,0.00,0.00
756,25.20,0.00,0.00,0.00,0.00
757,25.23,0.00,0.00,0.00,0.00
758,25.27,0.00,0.00,0.00,0.00
759,25.30,0.00,0.00,0.00,0.00
760,25.33,0.00,0.00,0.00,0.00
761,25.37,0.00,0.00,0.00,0.00
762,25.40,0.00,0.00,0.00,0.00
763,25.43,0.00,0.00,0.00,0.00
764,25.47,0.00,0.00,0.00,0.00
765,25.50,0.00,0.00,0.00,0.00
766,25.53,0.00,0.00,0.00,0.00
767,25.57,0.00,0.00,0.00,0.00
768,25.60,0.00,0.00,0.00,0.00
769,25.63,0.00,0.00,0.00,0.00
770,25.67,0.00,0.00,0.00,0.00
771,25.70,0.00,0.00,0.00,0.00
772,25.73,0.00,0.00,0.00,0.00
773,25.77,0.00,0.00,0.00,0.00
774,25.80,0.00,0.00,0.00,0.00
775,25.83,0.00,0.00,0.00,0.00
776,25.87,0.00,0.00,0.00,0.00
777,25.90,0.00,0.00,0.00,0.00
778,25.93,0.00,0.00,0.00,0.00
779,25.97,0.00,0.00,0.00,0.00
780,26.00,0.00,0.00,0.00,0.00
781,26.03,0.00,0.00,0.00,0.00
782,26.07,0.00,0.00,0.00,0.00
783,26.10,0.00,0.00,0.00,0.00
784,26.13,0.00,0.00,0.00,0.00
785,26.17,0.00,0.00,0.00,0.00
786,26.20,0.00,0.00,0.00,0.00
787,26.23,0.00,0.00,0.00,0.00
788,26.27,0.00,0.00,0.00,0.00
789,26.30,0.00,0.00,0.00,0.00
790,26.33,0.00,0.00,0.00,0.00
791,26.37,0.00,0.00,0.00,0.00
792,26.40,0.00,0.00,0.00,0.00
793,26.43,0.00,0.00,0.00,0.00
794,26.47,0.00,0.00,0.00,0.00
795,26.50,0.00,0.00,0.00,0.00
796,26.53,0.00,0.00,0.00,0.00
797,26.57,0.00,0.00,0.00,0.00
798,26.60,0.00,0.00,0.00,0.00
799,26.63,0.00,0.00,0.00,0.00
800,26.67,0.00,0.00,0.00,0.00
801,26.70,0.00,0.00,0.00,0.00
802,26.73,0.00,0.00,0.00,0.00
803,26.77,0.00,0.00,0.00,0.00
804,26.80,0.00,0.00,0.00,0.00
805,26.83,0.00,0.00,0.00,0.00
806,26.87,0.00,0.00,0.00,0.00
807,26.90,0.00,0.00,0.00,0.00
808,26.93,0.00,0.00,0.00,0.00
809,26.97,0.00,0.00,0.00,0.00
810,27.00,0.00,0.00,0.00,0.00
811,27.03,0.00,0.00,0.00,0.00
812,27.07,0.00,0.00,0.00,0.00
813,27.10,0.00,0.00,0.00,0.00
814,27.13,0.00,0.00,0.00,0.00
815,27.17,0.00,0.00,0.00,0.00
816,27.20,0.00,0.00,0.00,0.00
817,27.23,0.00,0.00,0.00,0.00
818,27.27,0.00,0.00,0.00,0.00
819,27.30,0.00,0.00,0.00,0.00
820,27.33,0.00,0.00,0.00,0.00
821,27.37,0.00,0.00,0.00,0.00
822,27.40,0.00,0.00,0.00,0.00
823,27.43,0.00,0.00,0.00,0.00
824,27.47,0.00,0.00,0.00,0.00
825,27.50,0.00,0.00,0.00,0.00
826,27.53,0.00,0.00,0.00,0.00
827,27.57,0.00,0.00,0.00,0.00
828,27.60,0.00,0.00,0.00,0.00
829,27.63,0.00,0.00,0.00,0.00
830,27.67,0.00,0.00,0.00,0.00
831,27.70,0.00,0.00,0.00,0.00
832,27.73,0.00,0.00,0.00,0.00
833,27.77,0.00,0.00,0.00,0.00
834,27.80,0.00,0.00,0.00,0.00
835,27.83,0.00,0.00,0.00,0.00
836,27.87,0.00,0.00,0.00,0.00
837,27.90,0.00,0.00,0.00,0.00
838,27.93,0.00,0.00,0.00,0.00
839,27.97,0.00,0.00,0.00,0.00
840,28.00,0.00,0.00,0.00,0.00
841,28.03,0.00,0.00,0.00,0.00
842,28.07,0.00,0.00,0.00,0.00
843,28.10,0.00,0.00,0.00,0.00
844,28.13,0.00,0.00,0.00,0.00
845,28.17,0.00,0.00,0.00,0.00
846,28.20,0.00,0.00,0.00,0.00
847,28.23,0.00,0.00,0.00,0.00
848,28.27,0.00,0.00,0.00,0.00
849,28.30,0.00,0.00,0.00,0.00
850,28.33,0.00,0.00,0.00,0.00
851,28.37,0.00,0.00,0.00,0.00
852,28.40,0.00,0.00,0.00,0.00
853,28.43,0.00,0.00,0.00,0.00
854,28.47,0.00,0.00,0.00,0.00
855,28.50,0.00,0.00,0.00,0.00
856,28.53,0.00,0.00,0.00,0.00
857,28.57,0.00,0.00,0.00,0.00
858,28.60,0.00,0.00,0.00,0.00
859,28.63,0.00,0.00,0.00,0.00
860,28.67,0.00,0.00,0.00,0.00
861,28.70,0.00,0.00,0.00,0.00
862,28.73,0.00,0.00,0.00,0.00
863,28.77,0.00,0.00,0.00,0.00
864,28.80,0.00,0.00,0.00,0.00
865,28.83,0.00,0.00,0.00,0.00
866,28.87,0.00,0.00,0.00,0.00
867,28.90,0.00,0.00,0.00,0.00
868,28.93,0.00,0.00,0.00,0.00
869,28.97,0.00,0.00,0.00,0.00
870,29.00,0.00,0.00,0.00,0.00
871,29.03,0.00,0.00,0.00,0.00
872,29.07,0.00,0.00,0.00,0.00
873,29.10,0.00,0.00,0.00,0.00
874,29.13,0.00,0.00,0.00,0.00
875,29.17,0.00,0.00,0.00,0.00
876,29.20,0.00,0.00,0.00,0.00
877,29.23,0.00,0.00,0.00,0.00
878,29.27,0.00,0.00,0.00,0.00
879,29.30,0.00,0.00,0.00,0.00
880,29.33,0.00,0.00,0.00,0.00
881,29.37,0.00,0.00,0.00,0.00
882,29.40,0.00,0.00,0.00,0.00
883,29.43,0.00,0.00,0.00,0.00
884,29.47,0.00,0.00,0.00,0.00
885,29.50,0.00,0.00,0.00,0.00
886,29.53,0.00,0.00,0.00,0.00
887,29.57,0.00,0.00,0.00,0.00
888,29.60,0.00,0.00,0.00,0.00
889,29.63,0.00,0.00,0.00,0.00
890,29.67,0.00,0.00,0.00,0.00
891,29.70,0.00,0.00,0.00,0.00
892,29.73,0.00,0.00,0.00,0.00
893,29.77,0.00,0.00,0.00,0.00
894,29.80,0.00,0.00,0.00,0.00
895,29.83,0.00,0.00,0.00,0.00
896,29.87,0.00,0.00,0.00,0.00
897,29.90,0.00,0.00,0.00,0.00
898,29.93,0.00,0.00,0.00,0.00
899,29.97,0.00,0.00,0.00,0.00
900,30.00,100.00,0.00,0.00,0.00
901,30.03,100.00,0.00,0.00,0.00
902,30.07,100.00,0.00,0.00,0.00
903,30.10,100.00,0.00,0.00,0.00
904,30.13,100.00,0.00,0.00,0.00
905,30.17,100.00,0.00,0.00,0.00
906,30.20,100.00,0.00,0.00,0.00
907,30.23,100.00,0.00,0.00,0.00
908,30.27,100.00,0.00,0.00,0.00
909,30.30,100.00,0.00,0.00,0.00
910,30.33,100.00,0.00,0.00,0.00
911,30.37,100.00,0.00,0.00,0.00
912,30.40,100.00,0.00,0.00,0.00
913,30.43,100.00,0.00,0.00,0.00
914,30.47,100.00,0.00,0.00,0.00
915,30.50,100.00,0.00,0.00,0.00
916,30.53,0.00,0.00,0.00,0.00
917,30.57,0.00,0.00,0.00,0.00
918,30.60,0.00,0.00,0.00,0.00
919,30.63,0.00,0.00,0.00,0.00
920,30.67,0.00,0.00,0.00,0.00
921,30.70,0.00,0.00,0.00,0.00
922,30.73,0.00,0.00,0.00,0.00
923,30.77,0.00,0.00,0.00,0.00
924,30.80,0.00,0.00,0.00,0.00
925,30.83,0.00,0.00,0.00,0.00
926,30.87,0.00,0.00,0.00,0.00
927,30.90,0.00,0.00,0.00,0.00
928,30.93,0.00,0.00,0.00,0.00
929,30.97,0.00,0.00,0.00,0.00
930,31.00,0.00,0.00,0.00,0.00
931,31.03,0.00,0.00,0.00,0.00
932,31.07,0.00,0.00,0.00,0.00
933,31.10,0.00,0.00,0.00,0.00
934,31.13,0.00,0.00,0.00,0.00
935,31.17,0.00,0.00,0.00,0.00
936,31.20,0.00,0.00,0.00,0.00
937,31.23,0.00,0.00,0.00,0.00
938,31.27,0.00,0.00,0.00,0.00
939,31.30,0.00,0.00,0.00,0.00
940,31.33,0.00,0.00,0.00,0.00
941,31.37,0.00,0.00,0.00,0.00
942,31.40,0.00,0.00,0.00,0.00
943,31.43,0.00,0.00,0.00,0.00
944,31.47,0.00,0.00,0.00,0.00
945,31.50,0.00,0.00,0.00,0.00
946,31.53,0.00,0.00,0.00,0.00
947,31.57,0.00,0.00,0.00,0.00
948,31.60,0.00,0.00,0.00,0.00
949,31.63,0.00,0.00,0.00,0.00
950,31.67,0.00,0.00,0.00,0.00
951,31.70,0.00,0.00,0.00,0.00
952,31.73,0.00,0.00,0.00,0.00
953,31.77,0.00,0.00,0.00,0.00
954,31.80,0.00,0.00,0.00,0.00
955,31.83,0.00,0.00,0.00,0.00
956,31.87,0.00,0.00,0.00,0.00
957,31.90,0.00,0.00,0.00,0.00
958,31.93,0.00,0.00,0.00,0.00
959,31.97,0.00,0.00,0.00,0.00
960,32.00,0.00,0.00,0.00,0.00
961,32.03,0.00,0.00,0.00,0.00
962,32.07,0.00,0.00,0.00,0.00
963,32.10,0.00,0.00,0.00,0.00
964,32.13,0.00,0.00,0.00,0.00
965,32.17,0.00,0.00,0.00,0.00
966,32.20,0.00,0.00,0.00,0.00
967,32.23,0.00,0.00,0.00,0.00
968,32.27,0.00,0.00,0.00,0.00
969,32.30,0.00,0.00,0.00,0.00
970,32.33,0.00,0.00,0.00,0.00
971,32.37,0.00,0.00,0.00,0.00
972,32.40,0.00,0.00,0.00,0.00
973,32.43,0.00,0.00,0.00,0.00
974,32.47,0.00,0.00,0.00,0.00
975,32.50,0.00,0.00,0.00,0.00
976,32.53,0.00,0.00,0.00,0.00
977,32.57,0.00,0.00,0.00,0.00
978,32.60,0.00,0.00,0.00,0.00
979,32.63,0.00,0.00,0.00,0.00
980,32.67,0.00,0.00,0.00,0.00
981,32.70,0.00,0.00,0.00,0.00
982,32.73,0.00,0.00,0.00,0.00
983,32.77,0.00,0.00,0.00,0.00
984,32.80,0.00,0.00,0.00,0.00
985,32.83,0.00,0.00,0.00,0.00
986,32.87,0.00,0.00,0.00,0.00
987,32.90,0.00,0.00,0.00,0.00
988,32.93,0.00,0.00,0.00,0.00
989,32.97,0.00,0.00,0.00,0.00
990,33.00,0.00,0.00,0.00,0.00
991,33.03,0.00,0.00,0.00,0.00
992,33.07,0.00,0.00,0.00,0.00
993,33.10,0.00,0.00,0.00,0.00
994,33.13,0.00,0.00,0.00,0.00
995,33.17,0.00,0.00,0.00,0.00
996,33.20,0.00,0.00,0.00,0.00
997,33.23,0.00,0.00,0.00,0.00
998,33.27,0.00,0.00,0.00,0.00
999,33.30,0.00,0.00,0.00,0.00
1000,33.33,0.00,0.00,0.00,0.00
1001,33.37,0.00,0.00,0.00,0.00
1002,33.40,0.00,0.00,0.00,0.00
1003,33.43,0.00,0.00,0.00,0.00
1004,33.47,0.00,0.00,0.00,0.00
1005,33.50,0.00,0.00,0.00,0.00
1006,33.53,100.00,0.00,0.00,0.00
1007,33.57,100.00,0.00,0.00,0.00
1008,33.60,100.00,0.00,0.00,0.00
1009,33.63,100.00,0.00,0.00,0.00
1010,33.67,100.00,0.00,0.00,0.00
1011,33.70,100.00,0.00,0.00,0.00
1012,33.73,100.00,0.00,0.00,0.00
1013,33.77,100.00,0.00,0.00,0.00
1014,33.80,100.00,0.00,0.00,0.00
1015,33.83,100.00,0.00,0.00,0.00
1016,33.87,100.00,0.00,0.00,0.00
1017,33.90,100.00,0.00,0.00,0.00
1018,33.93,100.00,0.00,0.00,0.00
1019,33.97,100.00,0.00,0.00,0.00
1020,34.00,100.00,0.00,0.00,0.00
1021,34.03,0.00,0.00,0.00,0.00
1022,34.07,0.00,0.00,0.00,0.00
1023,34.10,0.00,0.00,0.00,0.00
1024,34.13,0.00,0.00,0.00,0.00
1025,34.17,0.00,0.00,0.00,0.00
1026,34.20,0.00,0.00,0.00,0.00
1027,34.23,0.00,0.00,0.00,0.00
1028,34.27,0.00,0.00,0.00,0.00
1029,34.30,0.00,0.00,0.00,0.00
1030,34.33,0.00,0.00,0.00,0.00
1031,34.37,0.00,0.00,0.00,0.00
1032,34.40,0.00,0.00,0.00,0.00
1033,34.43,0.00,0.00,0.00,0.00
1034,34.47,0.00,0.00,0.00,0.00
1035,34.50,0.00,0.00,0.00,0.00
1036,34.53,0.00,0.00,0.00,0.00
1037,34.57,0.00,0.00,0.00,0.00
1038,34.60,0.00,0.00,0.00,0.00
1039,34.63,0.00,0.00,0.00,0.00
1040,34.67,0.00,0.00,0.00,0.00
1041,34.70,0.00,0.00,0.00,0.00
1042,34.73,0.00,0.00,0.00,0.00
1043,34.77,0.00,0.00,0.00,0.00
1044,34.80,0.00,0.00,0.00,0.00
1045,34.83,0.00,0.00,0.00,0.00
1046,34.87,0.00,0.00,0.00,0.00
1047,34.90,0.00,0.00,0.00,0.00
1048,34.93,0.00,0.00,0.00,0.00
1049,34.97,0.00,0.00,0.00,0.00
1050,35.00,0.00,0.00,0.00,0.00
1051,35.03,0.00,0.00,0.00,0.00
1052,35.07,0.00,0.00,0.00,0.00
1053,35.10,0.00,0.00,0.00,0.00
1054,35.13,0.00,0.00,0.00,0.00
1055,35.17,0.00,0.00,0.00,0.00
1056,35.20,0.00,0.00,0.00,0.00
1057,35.23,0.00,0.00,0.00,0.00
1058,35.27,0.00,0.00,0.00,0.00
1059,35.30,0.00,0.00,0.00,0.00
1060,35.33,0.00,0.00,0.00,0.00
1061,35.37,0.00,0.00,0.00,0.00
1062,35.40,0.00,0.00,0.00,0.00
1063,35.43,0.00,0.00,0.00,0.00
1064,35.47,0.00,0.00,0.00,0.00
1065,35.50,0.00,0.00,0.00,0.00
1066,35.53,0.00,0.00,0.00,0.00
1067,35.57,0.00,0.00,0.00,0.00
1068,35.60,0.00,0.00,0.00,0.00
1069,35.63,0.00,0.00,0.00,0.00
1070,35.67,0.00,0.00,0.00,0.00
1071,35.70,0.00,0.00,0.00,0.00
1072,35.73,0.00,0.00,0.00,0.00
1073,35.77,0.00,0.00,0.00,0.00
1074,35.80,0.00,0.00,0.00,0.00
1075,35.83,0.00,0.00,0.00,0.00
1076,35.87,0.00,0.00,0.00,0.00
1077,35.90,0.00,0.00,0.00,0.00
1078,35.93,0.00,0.00,0.00,0.00
1079,35.97,0.00,0.00,0.00,0.00
1080,36.00,0.00,0.00,0.00,0.00
1081,36.03,0.00,0.00,0.00,0.00
1082,36.07,0.00,0.00,0.00,0.00
1083,36.10,0.00,0.00,0.00,0.00
1084,36.13,0.00,0.00,0.00,0.00
1085,36.17,0.00,0.00,0.00,0.00
1086,36.20,0.00,0.00,0.00,0.00
1087,36.23,0.00,0.00,0.00,0.00
1088,36.27,0.00,0.00,0.00,0.00
1089,36.30,0.00,0.00,0.00,0.00
1090,36.33,0.00,0.00,0.00,0.00
1091,36.37,0.00,0.00,0.00,0.00
1092,36.40,0.00,0.00,0.00,0.00
1093,36.43,0.00,0.00,0.00,0.00
1094,36.47,0.00,0.00,0.00,0.00
1095,36.50,0.00,0.00,0.00,0.00
1096,36.53,0.00,0.00,0.00,0.00
1097,36.57,0.00,0.00,0.00,0.00
1098,36.60,0.00,0.00,0.00,0.00
1099,36.63,0.00,0.00,0.00,0.00
1100,36.67,0.00,0.00,0.00,0.00
1101,36.70,0.00,0.00,0.00,0.00
1102,36.73,0.00,0.00,0.00,0.00
1103,36.77,0.00,0.00,0.00,0.00
1104,36.80,0.00,0.00,0.00,0.00
1105,36.83,0.00,0.00,0.00,0.00
1106,36.87,0.00,0.00,0.00,0.00
1107,36.90,0.00,0.00,0.00,0.00
1108,36.93,0.00,0.00,0.00,0.00
1109,36.97,0.00,0.00,0.00,0.00
1110,37.00,0.00,0.00,0.00,0.00
1111,37.03,100.00,0.00,0.00,0.00
1112,37.07,100.00,0.00,0.00,0.00
1113,37.10,100.00,0.00,0.00,0.00
1114,37.13,100.00,0.00,0.00,0.00
1115,37.17,100.00,0.00,0.00,0.00
1116,37.20,100.00,0.00,0.00,0.00
1117,37.23,100.00,0.00,0.00,0.00
1118,37.27,100.00,0.00,0.00,0.00
1119,37.30,100.00,0.00,0.00,0.00
1120,37.33,100.00,0.00,0.00,0.00
1121,37.37,100.00,0.00,0.00,0.00
1122,37.40,100.00,0.00,0.00,0.00
1123,37.43,100.00,0.00,0.00,0.00
1124,37.47,100.00,0.00,0.00,0.00
1125,37.50,100.00,0.00,0.00,0.00
1126,37.53,0.00,0.00,0.00,0.00
1127,37.57,0.00,0.00,0.00,0.00
1128,37.60,0.00,0.00,0.00,0.00
1129,37.63,0.00,0.00,0.00,0.00
1130,37.67,0.00,0.00,0.00,0.00
1131,37.70,0.00,0.00,0.00,0.00
1132,37.73,0.00,0.00,0.00,0.00
1133,37.77,0.00,0.00,0.00,0.00
1134,37.80,0.00,0.00,0.00,0.00
1135,37.83,0.00,0.00,0.00,0.00
1136,37.87,0.00,0.00,0.00,0.00
1137,37.90,0.00,0.00,0.00,0.00
1138,37.93,0.00,0.00,0.00,0.00
1139,37.97,0.00,0.00,0.00,0.00
1140,38.00,0.00,0.00,0.00,0.00
1141,38.03,0.00,0.00,0.00,0.00
1142,38.07,0.00,0.00,0.00,0.00
1143,38.10,0.00,0.00,0.00,0.00
1144,38.13,0.00,0.00,0.00,0.00
1145,38.17,0.00,0.00,0.00,0.00
1146,38.20,0.00,0.00,0.00,0.00
1147,38.23,0.00,0.00,0.00,0.00
1148,38.27,0.00,0.00,0.00,0.00
1149,38.30,0.00,0.00,0.00,0.00
1150,38.33,0.00,0.00,0.00,0.00
1151,38.37,0.00,0.00,0.00,0.00
1152,38.40,0.00,0.00,0.00,0.00
1153,38.43,0.00,0.00,0.00,0.00
1154,38.47,0.00,0.00,0.00,0.00
1155,38.50,0.00,0.00,0.00,0.00
1156,38.53,0.00,0.00,0.00,0.00
1157,38.57,0.00,0.00,0.00,0.00
1158,38.60,0.00,0.00,0.00,0.00
1159,38.63,0.00,0.00,0.00,0.00
1160,38.67,0.00,0.00,0.00,0.00
1161,38.70,0.00,0.00,0.00,0.00
1162,38.73,0.00,0.00,0.00,0.00
1163,38.77,0.00,0.00,0.00,0.00
1164,38.80,0.00,0.00,0.00,0.00
1165,38.83,0.00,0.00,0.00,0.00
1166,38.87,0.00,0.00,0.00,0.00
1167,38.90,0.00,0.00,0.00,0.00
1168,38.93,0.00,0.00,0.00,0.00
1169,38.97,0.00,0.00,0.00,0.00
1170,39.00,0.00,0.00,0.00,0.00
1171,39.03,0.00,0.00,0.00,0.00
1172,39.07,0.00,0.00,0.00,0.00
1173,39.10,0.00,0.00,0.00,0.00
1174,39.13,0.00,0.00,0.00,0.00
1175,39.17,0.00,0.00,0.00,0.00
1176,39.20,0.00,0.00,0.00,0.00
1177,39.23,0.00,0.00,0.00,0.00
1178,39.27,0.00,0.00,0.00,0.00
1179,39.30,0.00,0.00,0.00,0.00
1180,39.33,0.00,0.00,0.00,0.00
1181,39.37,0.00,0.00,0.00,0.00
1182,39.40,0.00,0.00,0.00,0.00
1183,39.43,0.00,0.00,0.00,0.00
1184,39.47,0.00,0.00,0.00,0.00
1185,39.50,0.00,0.00,0.00,0.00
1186,39.53,0.00,0.00,0.00,0.00
1187,39.57,0.00,0.00,0.00,0.00
1188,39.60,0.00,0.00,0.00,0.00
1189,39.63,0.00,0.00,0.00,0.00
1190,39.67,0.00,0.00,0.00,0.00
1191,39.70,0.00,0.00,0.00,0.00
1192,39.73,0.00,0.00,0.00,0.00
1193,39.77,0.00,0.00,0.00,0.00
1194,39.80,0.00,0.00,0.00,0.00
1195,39.83,0.00,0.00,0.00,0.00
1196,39.87,0.00,0.00,0.00,0.00
1197,39.90,0.00,0.00,0.00,0.00
1198,39.93,0.00,0.00,0.00,0.00
1199,39.97,0.00,0.00,0.00,0.00
1200,40.00,0.00,0.00,0.00,0.00
1201,40.03,0.00,0.00,0.00,0.00
1202,40.07,0.00,0.00,0.00,0.00
1203,40.10,0.00,0.00,0.00,0.00
1204,40.13,0.00,0.00,0.00,0.00
1205,40.17,0.00,0.00,0.00,0.00
1206,40.20,0.00,0.00,0.00,0.00
1207,40.23,0.00,0.00,0.00,0.00
1208,40.27,0.00,0.00,0.00,0.00
1209,40.30,0.00,0.00,0.00,0.00
1210,40.33,0.00,0.00,0.00,0.00
1211,40.37,0.00,0.00,0.00,0.00
1212,40.40,0.00,0.00,0.00,0.00
1213,40.43,0.00,0.00,0.00,0.00
1214,40.47,0.00,0.00,0.00,0.00
1215,40.50,0.00,0.00,0.00,0.00
1216,40.53,100.00,0.00,0.00,0.00
1217,40.57,100.00,0.00,0.00,0.00
1218,40.60,100.00,0.00,0.00,0.00
1219,40.63,100.00,0.00,0.00,0.00
1220,40.67,100.00,0.00,0.00,0.00
1221,40.70,100.00,0.00,0.00,0.00
1222,40.73,100.00,0.00,0.00,0.00
1223,40.77,100.00,0.00,0.00,0.00
1224,40.80,100.00,0.00,0.00,0.00
1225,40.83,100.00,0.00,0.00,0.00
1226,40.87,100.00,0.00,0.00,0.00
1227,40.90,100.00,0.00,0.00,0.00
1228,40.93,100.00,0.00,0.00,0.00
1229,40.97,100.00,0.00,0.00,0.00
1230,41.00,100.00,0.00,0.00,0.00
1231,41.03,0.00,0.00,0.00,0.00
1232,41.07,0.00,0.00,0.00,0.00
1233,41.10,0.00,0.00,0.00,0.00
1234,41.13,0.00,0.00,0.00,0.00
1235,41.17,0.00,0.00,0.00,0.00
1236,41.20,0.00,0.00,0.00,0.00
1237,41.23,0.00,0.00,0.00,0.00
1238,41.27,0.00,0.00,0.00,0.00
1239,41.30,0.00,0.00,0.00,0.00
1240,41.33,0.00,0.00,0.00,0.00
1241,41.37,0.00,0.00,0.00,0.00
1242,41.40,0.00,0.00,0.00,0.00
1243,41.43,0.00,0.00,0.00,0.00
1244,41.47,0.00,0.00,0.00,0.00
1245,41.50,0.00,0.00,0.00,0.00
1246,41.53,0.00,0.00,0.00,0.00
1247,41.57,0.00,0.00,0.00,0.00
1248,41.60,0.00,0.00,0.00,0.00
1249,41.63,0.00,0.00,0.00,0.00
1250,41.67,0.00,0.00,0.00,0.00
1251,41.70,0.00,0.00,0.00,0.00
1252,41.73,0.00,0.00,0.00,0.00
1253,41.77,0.00,0.00,0.00,0.00
1254,41.80,0.00,0.00,0.00,0.00
1255,41.83,0.00,0.00,0.00,0.00
1256,41.87,0.00,0.00,0.00,0.00
1257,41.90,0.00,0.00,0.00,0.00
1258,41.93,0.00,0.00,0.00,0.00
1259,41.97,0.00,0.00,0.00,0.00
1260,42.00,0.00,0.00,0.00,0.00
1261,42.03,0.00,0.00,0.00,0.00
1262,42.07,0.00,0.00,0.00,0.00
1263,42.10,0.00,0.00,0.00,0.00
1264,42.13,0.00,0.00,0.00,0.00
1265,42.17,0.00,0.00,0.00,0.00
1266,42.20,0.00,0.00,0.00,0.00
1267,42.23,0.00,0.00,0.00,0.00
1268,42.27,0.00,0.00,0.00,0.00
1269,42.30,0.00,0.00,0.00,0.00
1270,42.33,0.00,0.00,0.00,0.00
1271,42.37,0.00,0.00,0.00,0.00
1272,42.40,0.00,0.00,0.00,0.00
1273,42.43,0.00,0.00,0.00,0.00
1274,42.47,0.00,0.00,0.00,0.00
1275,42.50,0.00,0.00,0.00,0.00
1276,42.53,0.00,0.00,0.00,0.00
1277,42.57,0.00,0.00,0.00,0.00
1278,42.60,0.00,0.00,0.00,0.00
1279,42.63,0.00,0.00,0.00,0.00
1280,42.67,0.00,0.00,0.00,0.00
1281,42.70,0.00,0.00,0.00,0.00
1282,42.73,0.00,0.00,0.00,0.00
1283,42.77,0.00,0.00,0.00,0.00
1284,42.80,0.00,0.00,0.00,0.00
1285,42.83,0.00,0.00,0.00,0.00
1286,42.87,0.00,0.00,0.00,0.00
1287,42.90,0.00,0.00,0.00,0.00
1288,42.93,0.00,0.00,0.00,0.00
1289,42.97,0.00,0.00,0.00,0.00
1290,43.00,0.00,0.00,0.00,0.00
1291,43.03,0.00,0.00,0.00,0.00
1292,43.07,0.00,0.00,0.00,0.00
1293,43.10,0.00,0.00,0.00,0.00
1294,43.13,0.00,0.00,0.00,0.00
1295,43.17,0.00,0.00,0.00,0.00
1296,43.20,0.00,0.00,0.00,0.00
1297,43.23,0.00,0.00,0.00,0.00
1298,43.27,0.00,0.00,0.00,0.00
1299,43.30,0.00,0.00,0.00,0.00
1300,43.33,0.00,0.00,0.00,0.00
1301,43.37,0.00,0.00,0.00,0.00
1302,43.40,0.00,0.00,0.00,0.00
1303,43.43,0.00,0.00,0.00,0.00
1304,43.47,0.00,0.00,0.00,0.00
1305,43.50,0.00,0.00,0.00,0.00
1306,43.53,0.00,0.00,0.00,0.00
1307,43.57,0.00,0.00,0.00,0.00
1308,43.60,0.00,0.00,0.00,0.00
1309,43.63,0.00,0.00,0.00,0.00
1310,43.67,0.00,0.00,0.00,0.00
1311,43.70,0.00,0.00,0.00,0.00
1312,43.73,0.00,0.00,0.00,0.00
1313,43.77,0.00,0.00,0.00,0.00
1314,43.80,0.00,0.00,0.00,0.00
1315,43.83,0.00,0.00,0.00,0.00
1316,43.87,0.00,0.00,0.00,0.00
1317,43.90,0.00,0.00,0.00,0.00
1318,43.93,0.00,0.00,0.00,0.00
1319,43.97,0.00,0.00,0.00,0.00
1320,44.00,0.00,0.00,0.00,0.00
1321,44.03,100.00,0.00,0.00,0.00
1322,44.07,100.00,0.00,0.00,0.00
1323,44.10,100.00,0.00,0.00,0.00
1324,44.13,100.00,0.00,0.00,0.00
1325,44.17,100.00,0.00,0.00,0.00
1326,44.20,100.00,0.00,0.00,0.00
1327,44.23,100.00,0.00,0.00,0.00
1328,44.27,100.00,0.00,0.00,0.00
1329,44.30,100.00,0.00,0.00,0.00
1330,44.33,100.00,0.00,0.00,0.00
1331,44.37,100.00,0.00,0.00,0.00
1332,44.40,100.00,0.00,0.00,0.00
1333,44.43,100.00,0.00,0.00,0.00
1334,44.47,100.00,0.00,0.00,0.00
1335,44.50,100.00,0.00,0.00,0.00
1336,44.53,0.00,0.00,0.00,0.00
1337,44.57,0.00,0.00,0.00,0.00
1338,44.60,0.00,0.00,0.00,0.00
1339,44.63,0.00,0.00,0.00,0.00
1340,44.67,0.00,0.00,0.00,0.00
1341,44.70,0.00,0.00,0.00,0.00
1342,44.73,0.00,0.00,0.00,0.00
1343,44.77,0.00,0.00,0.00,0.00
1344,44.80,0.00,0.00,0.00,0.00
1345,44.83,0.00,0.00,0.00,0.00
1346,44.87,0.00,0.00,0.00,0.00
1347,44.90,0.00,0.00,0.00,0.00
1348,44.93,0.00,0.00,0.00,0.00
1349,44.97,0.00,0.00,0.00,0.00
1350,45.00,0.00,0.00,0.00,0.00
1351,45.03,0.00,0.00,0.00,0.00
1352,45.07,0.00,0.00,0.00,0.00
1353,45.10,0.00,0.00,0.00,0.00
1354,45.13,0.00,0.00,0.00,0.00
1355,45.17,0.00,0.00,0.00,0.00
1356,45.20,0.00,0.00,0.00,0.00
1357,45.23,0.00,0.00,0.00,0.00
1358,45.27,0.00,0.00,0.00,0.00
1359,45.30,0.00,0.00,0.00,0.00
1360,45.33,0.00,0.00,0.00,0.00
1361,45.37,0.00,0.00,0.00,0.00
1362,45.40,0.00,0.00,0.00,0.00
1363,45.43,0.00,0.00,0.00,0.00
1364,45.47,0.00,0.00,0.00,0.00
1365,45.50,0.00,0.00,0.00,0.00
1366,45.53,0.00,0.00,0.00,0.00
1367,45.57,0.00,0.00,0.00,0.00
1368,45.60,0.00,0.00,0.00,0.00
1369,45.63,0.00,0.00,0.00,0.00
1370,45.67,0.00,0.00,0.00,0.00
1371,45.70,0.00,0.00,0.00,0.00
1372,45.73,0.00,0.00,0.00,0.00
1373,45.77,0.00,0.00,0.00,0.00
1374,45.80,0.00,0.00,0.00,0.00
1375,45.83,0.00,0.00,0.00,0.00
1376,45.87,0.00,0.00,0.00,0.00
1377,45.90,0.00,0.00,0.00,0.00
1378,45.93,0.00,0.00,0.00,0.00
1379,45.97,0.00,0.00,0.00,0.00
1380,46.00,0.00,0.00,0.00,0.00
1381,46.03,0.00,0.00,0.00,0.00
1382,46.07,0.00,0.00,0.00,0.00
1383,46.10,0.00,0.00,0.00,0.00
1384,46.13,0.00,0.00,0.00,0.00
1385,46.17,0.00,0.00,0.00,0.00
1386,46.20,0.00,0.00,0.00,0.00
1387,46.23,0.00,0.00,0.00,0.00
1388,46.27,0.00,0.00,0.00,0.00
1389,46.30,0.00,0.00,0.00,0.00
1390,46.33,0.00,0.00,0.00,0.00
1391,46.37,0.00,0.00,0.00,0.00
1392,46.40,0.00,0.00,0.00,0.00
1393,46.43,0.00,0.00,0.00,0.00
1394,46.47,0.00,0.00,0.00,0.00
1395,46.50,0.00,0.00,0.00,0.00
1396,46.53,0.00,0.00,0.00,0.00
1397,46.57,0.00,0.00,0.00,0.00
1398,46.60,0.00,0.00,0.00,0.00
1399,46.63,0.00,0.00,0.00,0.00
1400,46.67,0.00,0.00,0.00,0.00
1401,46.70,0.00,0.00,0.00,0.00
1402,46.73,0.00,0.00,0.00,0.00
1403,46.77,0.00,0.00,0.00,0.00
1404,46.80,0.00,0.00,0.00,0.00
1405,46.83,0.00,0.00,0.00,0.00
1406,46.87,0.00,0.00,0.00,0.00
1407,46.90,0.00,0.00,0.00,0.00
1408,46.93,0.00,0.00,0.00,0.00
1409,46.97,0.00,0.00,0.00,0.00
1410,47.00,0.00,0.00,0.00,0.00
1411,47.03,0.00,0.00,0.00,0.00
1412,47.07,0.00,0.00,0.00,0.00
1413,47.10,0.00,0.00,0.00,0.00
1414,47.13,0.00,0.00,0.00,0.00
1415,47.17,0.00,0.00,0.00,0.00
1416,47.20,0.00,0.00,0.00,0.00
1417,47.23,0.00,0.00,0.00,0.00
1418,47.27,0.00,0.00,0.00,0.00
1419,47.30,0.00,0.00,0.00,0.00
1420,47.33,0.00,0.00,0.00,0.00
1421,47.37,0.00,0.00,0.00,0.00
1422,47.40,0.00,0.00,0.00,0.00
1423,47.43,0.00,0.00,0.00,0.00
1424,47.47,0.00,0.00,0.00,0.00
1425,47.50,0.00,0.00,0.00,0.00
1426,47.53,100.00,0.00,0.00,0.00
1427,47.57,100.00,0.00,0.00,0.00
1428,47.60,100.00,0.00,0.00,0.00
1429,47.63,100.00,0.00,0.00,0.00
1430,47.67,100.00,0.00,0.00,0.00
1431,47.70,100.00,0.00,0.00,0.00
1432,47.73,100.00,0.00,0.00,0.00
1433,47.77,100.00,0.00,0.00,0.00
1434,47.80,100.00,0.00,0.00,0.00
1435,47.83,100.00,0.00,0.00,0.00
1436,47.87,100.00,0.00,0.00,0.00
1437,47.90,100.00,0.00,0.00,0.00
1438,47.93,100.00,0.00,0.00,0.00
1439,47.97,100.00,0.00,0.00,0.00
1440,48.00,100.00,0.00,0.00,0.00
1441,48.03,0.00,0.00,0.00,0.00
1442,48.07,0.00,0.00,0.00,0.00
1443,48.10,0.00,0.00,0.00,0.00
1444,48.13,0.00,0.00,0.00,0.00
1445,48.17,0.00,0.00,0.00,0.00
1446,48.20,0.00,0.00,0.00,0.00
1447,48.23,0.00,0.00,0.00,0.00
1448,48.27,0.00,0.00,0.00,0.00
1449,48.30,0.00,0.00,0.00,0.00
1450,48.33,0.00,0.00,0.00,0.00
1451,48.37,0.00,0.00,0.00,0.00
1452,48.40,0.00,0.00,0.00,0.00
1453,48.43,0.00,0.00,0.00,0.00
1454,48.47,0.00,0.00,0.00,0.00
1455,48.50,0.00,0.00,0.00,0.00
1456,48.53,0.00,0.00,0.00,0.00
1457,48.57,0.00,0.00,0.00,0.00
1458,48.60,0.00,0.00,0.00,0.00
1459,48.63,0.00,0.00,0.00,0.00
1460,48.67,0.00,0.00,0.00,0.00
1461,48.70,0.00,0.00,0.00,0.00
1462,48.73,0.00,0.00,0.00,0.00
1463,48.77,0.00,0.00,0.00,0.00
1464,48.80,0.00,0.00,0.00,0.00
1465,48.83,0.00,0.00,0.00,0.00
1466,48.87,0.00,0.00,0.00,0.00
1467,48.90,0.00,0.00,0.00,0.00
1468,48.93,0.00,0.00,0.00,0.00
1469,48.97,0.00,0.00,0.00,0.00
1470,49.00,0.00,0.00,0.00,0.00
1471,49.03,0.00,0.00,0.00,0.00
1472,49.07,0.00,0.00,0.00,0.00
1473,49.10,0.00,0.00,0.00,0.00
1474,49.13,0.00,0.00,0.00,0.00
1475,49.17,0.00,0.00,0.00,0.00
1476,49.20,0.00,0.00,0.00,0.00
1477,49.23,0.00,0.00,0.00,0.00
1478,49.27,0.00,0.00,0.00,0.00
1479,49.30,0.00,0.00,0.00,0.00
1480,49.33,0.00,0.00,0.00,0.00
1481,49.37,0.00,0.00,0.00,0.00
1482,49.40,0.00,0.00,0.00,0.00
1483,49.43,0.00,0.00,0.00,0.00
1484,49.47,0.00,0.00,0.00,0.00
1485,49.50,0.00,0.00,0.00,0.00
1486,49.53,0.00,0.00,0.00,0.00
1487,49.57,0.00,0.00,0.00,0.00
1488,49.60,0.00,0.00,0.00,0.00
1489,49.63,0.00,0.00,0.00,0.00
1490,49.67,0.00,0.00,0.00,0.00
1491,49.70,0.00,0.00,0.00,0.00
1492,49.73,0.00,0.00,0.00,0.00
1493,49.77,0.00,0.00,0.00,0.00
1494,49.80,0.00,0.00,0.00,0.00
1495,49.83,0.00,0.00,0.00,0.00
1496,49.87,0.00,0.00,0.00,0.00
1497,49.90,0.00,0.00,0.00,0.00
1498,49.93,0.00,0.00,0.00,0.00
1499,49.97,0.00,0.00,0.00,0.00
1500,50.00,0.00,0.00,0.00,0.00
1501,50.03,0.00,0.00,0.00,0.00
1502,50.07,0.00,0.00,0.00,0.00
1503,50.10,0.00,0.00,0.00,0.00
1504,50.13,0.00,0.00,0.00,0.00
1505,50.17,0.00,0.00,0.00,0.00
1506,50.20,0.00,0.00,0.00,0.00
1507,50.23,0.00,0.00,0.00,0.00
1508,50.27,0.00,0.00,0.00,0.00
1509,50.30,0.00,0.00,0.00,0.00
1510,50.33,0.00,0.00,0.00,0.00
1511,50.37,0.00,0.00,0.00,0.00
1512,50.40,0.00,0.00,0.00,0.00
1513,50.43,0.00,0.00,0.00,0.00
1514,50.47,0.00,0.00,0.00,0.00
1515,50.50,0.00,0.00,0.00,0.00
1516,50.53,0.00,0.00,0.00,0.00
1517,50.57,0.00,0.00,0.00,0.00
1518,50.60,0.00,0.00,0.00,0.00
1519,50.63,0.00,0.00,0.00,0.00
1520,50.67,0.00,0.00,0.00,0.00
1521,50.70,0.00,0.00,0.00,0.00
1522,50.73,0.00,0.00,0.00,0.00
1523,50.77,0.00,0.00,0.00,0.00
1524,50.80,0.00,0.00,0.00,0.00
1525,50.83,0.00,0.00,0.00,0.00
1526,50.87,0.00,0.00,0.00,0.00
1527,50.90,0.00,0.00,0.00,0.00
1528,50.93,0.00,0.00,0.00,0.00
1529,50.97,0.00,0.00,0.00,0.00
1530,51.00,0.00,0.00,0.00,0.00
1531,51.03,100.00,0.00,0.00,0.00
1532,51.07,100.00,0.00,0.00,0.00
1533,51.10,100.00,0.00,0.00,0.00
1534,51.13,100.00,0.00,0.00,0.00
1535,51.17,100.00,0.00,0.00,0.00
1536,51.20,100.00,0.00,0.00,0.00
1537,51.23,100.00,0.00,0.00,0.00
1538,51.27,100.00,0.00,0.00,0.00
1539,51.30,100.00,0.00,0.00,0.00
1540,51.33,100.00,0.00,0.00,0.00
1541,51.37,100.00,0.00,0.00,0.00
1542,51.40,100.00,0.00,0.00,0.00
1543,51.43,100.00,0.00,0.00,0.00
1544,51.47,100.00,0.00,0.00,0.00
1545,51.50,100.00,0.00,0.00,0.00
1546,51.53,0.00,0.00,0.00,0.00
1547,51.57,0.00,0.00,0.00,0.00
1548,51.60,0.00,0.00,0.00,0.00
1549,51.63,0.00,0.00,0.00,0.00
1550,51.67,0.00,0.00,0.00,0.00
1551,51.70,0.00,0.00,0.00,0.00
1552,51.73,0.00,0.00,0.00,0.00
1553,51.77,0.00,0.00,0.00,0.00
1554,51.80,0.00,0.00,0.00,0.00
1555,51.83,0.00,0.00,0.00,0.00
1556,51.87,0.00,0.00,0.00,0.00
1557,51.90,0.00,0.00,0.00,0.00
1558,51.93,0.00,0.00,0.00,0.00
1559,51.97,0.00,0.00,0.00,0.00
1560,52.00,0.00,0.00,0.00,0.00
1561,52.03,0.00,0.00,0.00,0.00
1562,52.07,0.00,0.00,0.00,0.00
1563,52.10,0.00,0.00,0.00,0.00
1564,52.13,0.00,0.00,0.00,0.00
1565,52.17,0.00,0.00,0.00,0.00
1566,52.20,0.00,0.00,0.00,0.00
1567,52.23,0.00,0.00,0.00,0.00
1568,52.27,0.00,0.00,0.00,0.00
1569,52.30,0.00,0.00,0.00,0.00
1570,52.33,0.00,0.00,0.00,0.00
1571,52.37,0.00,0.00,0.00,0.00
1572,52.40,0.00,0.00,0.00,0.00
1573,52.43,0.00,0.00,0.00,0.00
1574,52.47,0.00,0.00,0.00,0.00
1575,52.50,0.00,0.00,0.00,0.00
1576,52.53,0.00,0.00,0.00,0.00
1577,52.57,0.00,0.00,0.00,0.00
1578,52.60,0.00,0.00,0.00,0.00
1579,52.63,0.00,0.00,0.00,0.00
1580,52.67,0.00,0.00,0.00,0.00
1581,52.70,0.00,0.00,0.00,0.00
1582,52.73,0.00,0.00,0.00,0.00
1583,52.77,0.00,0.00,0.00,0.00
1584,52.80,0.00,0.00,0.00,0.00
1585,52.83,0.00,0.00,0.00,0.00
1586,52.87,0.00,0.00,0.00,0.00
1587,52.90,0.00,0.00,0.00,0.00
1588,52.93,0.00,0.00,0.00,0.00
1589,52.97,0.00,0.00,0.00,0.00
1590,53.00,0.00,0.00,0.00,0.00
1591,53.03,0.00,0.00,0.00,0.00
1592,53.07,0.00,0.00,0.00,0.00
1593,53.10,0.00,0.00,0.00,0.00
1594,53.13,0.00,0.00,0.00,0.00
1595,53.17,0.00,0.00,0.00,0.00
1596,53.20,0.00,0.00,0.00,0.00
1597,53.23,0.00,0.00,0.00,0.00
1598,53.27,0.00,0.00,0.00,0.00
1599,53.30,0.00,0.00,0.00,0.00
1600,53.33,0.00,0.00,0.00,0.00
1601,53.37,0.00,0.00,0.00,0.00
1602,53.40,0.00,0.00,0.00,0.00
1603,53.43,0.00,0.00,0.00,0.00
1604,53.47,0.00,0.00,0.00,0.00
1605,53.50,0.00,0.00,0.00,0.00
1606,53.53,0.00,0.00,0.00,0.00
1607,53.57,0.00,0.00,0.00,0.00
1608,53.60,0.00,0.00,0.00,0.00
1609,53.63,0.00,0.00,0.00,0.00
1610,53.67,0.00,0.00,0.00,0.00
1611,53.70,0.00,0.00,0.00,0.00
1612,53.73,0.00,0.00,0.00,0.00
1613,53.77,0.00,0.00,0.00,0.00
1614,53.80,0.00,0.00,0.00,0.00
1615,53.83,0.00,0.00,0.00,0.00
1616,53.87,0.00,0.00,0.00,0.00
1617,53.90,0.00,0.00,0.00,0.00
1618,53.93,0.00,0.00,0.00,0.00
1619,53.97,0.00,0.00,0.00,0.00
1620,54.00,0.00,0.00,0.00,0.00
1621,54.03,0.00,0.00,0.00,0.00
1622,54.07,0.00,0.00,0.00,0.00
1623,54.10,0.00,0.00,0.00,0.00
1624,54.13,0.00,0.00,0.00,0.00
1625,54.17,0.00,0.00,0.00,0.00
1626,54.20,0.00,0.00,0.00,0.00
1627,54.23,0.00,0.00,0.00,0.00
1628,54.27,0.00,0.00,0.00,0.00
1629,54.30,0.00,0.00,0.00,0.00
1630,54.33,0.00,0.00,0.00,0.00
1631,54.37,0.00,0.00,0.00,0.00
1632,54.40,0.00,0.00,0.00,0.00
1633,54.43,0.00,0.00,0.00,0.00
1634,54.47,0.00,0.00,0.00,0.00
1635,54.50,0.00,0.00,0.00,0.00
1636,54.53,100.00,0.00,0.00,0.00
1637,54.57,100.00,0.00,0.00,0.00
1638,54.60,100.00,0.00,0.00,0.00
1639,54.63,100.00,0.00,0.00,0.00
1640,54.67,100.00,0.00,0.00,0.00
1641,54.70,100.00,0.00,0.00,0.00
1642,54.73,100.00,0.00,0.00,0.00
1643,54.77,100.00,0.00,0.00,0.00
1644,54.80,100.00,0.00,0.00,0.00
1645,54.83,100.00,0.00,0.00,0.00
1646,54.87,100.00,0.00,0.00,0.00
1647,54.90,100.00,0.00,0.00,0.00
1648,54.93,100.00,0.00,0.00,0.00
1649,54.97,100.00,0.00,0.00,0.00
1650,55.00,100.00,0.00,0.00,0.00
1651,55.03,0.00,0.00,0.00,0.00
1652,55.07,0.00,0.00,0.00,0.00
1653,55.10,0.00,0.00,0.00,0.00
1654,55.13,0.00,0.00,0.00,0.00
1655,55.17,0.00,0.00,0.00,0.00
1656,55.20,0.00,0.00,0.00,0.00
1657,55.23,0.00,0.00,0.00,0.00
1658,55.27,0.00,0.00,0.00,0.00
1659,55.30,0.00,0.00,0.00,0.00
1660,55.33,0.00,0.00,0.00,0.00
1661,55.37,0.00,0.00,0.00,0.00
1662,55.40,0.00,0.00,0.00,0.00
1663,55.43,0.00,0.00,0.00,0.00
1664,55.47,0.00,0.00,0.00,0.00
1665,55.50,0.00,0.00,0.00,0.00
1666,55.53,0.00,0.00,0.00,0.00
1667,55.57,0.00,0.00,0.00,0.00
1668,55.60,0.00,0.00,0.00,0.00
1669,55.63,0.00,0.00,0.00,0.00
1670,55.67,0.00,0.00,0.00,0.00
1671,55.70,0.00,0.00,0.00,0.00
1672,55.73,0.00,0.00,0.00,0.00
1673,55.77,0.00,0.00,0.00,0.00
1674,55.80,0.00,0.00,0.00,0.00
1675,55.83,0.00,0.00,0.00,0.00
1676,55.87,0.00,0.00,0.00,0.00
1677,55.90,0.00,0.00,0.00,0.00
1678,55.93,0.00,0.00,0.00,0.00
1679,55.97,0.00,0.00,0.00,0.00
1680,56.00,0.00,0.00,0.00,0.00
1681,56.03,0.00,0.00,0.00,0.00
1682,56.07,0.00,0.00,0.00,0.00
1683,56.10,0.00,0.00,0.00,0.00
1684,56.13,0.00,0.00,0.00,0.00
1685,56.17,0.00,0.00,0.00,0.00
1686,56.20,0.00,0.00,0.00,0.00
1687,56.23,0.00,0.00,0.00,0.00
1688,56.27,0.00,0.00,0.00,0.00
1689,56.30,0.00,0.00,0.00,0.00
1690,56.33,0.00,0.00,0.00,0.00
1691,56.37,0.00,0.00,0.00,0.00
1692,56.40,0.00,0.00,0.00,0.00
1693,56.43,0.00,0.00,0.00,0.00
1694,56.47,0.00,0.00,0.00,0.00
1695,56.50,0.00,0.00,0.00,0.00
1696,56.53,0.00,0.00,0.00,0.00
1697,56.57,0.00,0.00,0.00,0.00
1698,56.60,0.00,0.00,0.00,0.00
1699,56.63,0.00,0.00,0.00,0.00
1700,56.67,0.00,0.00,0.00,0.00
1701,56.70,0.00,0.00,0.00,0.00
1702,56.73,0.00,0.00,0.00,0.00
1703,56.77,0.00,0.00,0.00,0.00
1704,56.80,0.00,0.00,0.00,0.00
1705,56.83,0.00,0.00,0.00,0.00
1706,56.87,0.00,0.00,0.00,0.00
1707,56.90,0.00,0.00,0.00,0.00
1708,56.93,0.00,0.00,0.00,0.00
1709,56.97,0.00,0.00,0.00,0.00
1710,57.00,0.00,0.00,0.00,0.00
1711,57.03,0.00,0.00,0.00,0.00
1712,57.07,0.00,0.00,0.00,0.00
1713,57.10,0.00,0.00,0.00,0.00
1714,57.13,0.00,0.00,0.00,0.00
1715,57.17,0.00,0.00,0.00,0.00
1716,57.20,0.00,0.00,0.00,0.00
1717,57.23,0.00,0.00,0.00,0.00
1718,57.27,0.00,0.00,0.00,0.00
1719,57.30,0.00,0.00,0.00,0.00
1720,57.33,0.00,0.00,0.00,0.00
1721,57.37,0.00,0.00,0.00,0.00
1722,57.40,0.00,0.00,0.00,0.00
1723,57.43,0.00,0.00,0.00,0.00
1724,57.47,0.00,0.00,0.00,0.00
1725,57.50,0.00,0.00,0.00,0.00
1726,57.53,0.00,0.00,0.00,0.00
1727,57.57,0.00,0.00,0.00,0.00
1728,57.60,0.00,0.00,0.00,0.00
1729,57.63,0.00,0.00,0.00,0.00
1730,57.67,0.00,0.00,0.00,0.00
1731,57.70,0.00,0.00,0.00,0.00
1732,57.73,0.00,0.00,0.00,0.00
1733,57.77,0.00,0.00,0.00,0.00
1734,57.80,0.00,0.00,0.00,0.00
1735,57.83,0.00,0.00,0.00,0.00
1736,57.87,0.00,0.00,0.00,0.00
1737,57.90,0.00,0.00,0.00,0.00
1738,57.93,0.00,0.00,0.00,0.00
1739,57.97,0.00,0.00,0.00,0.00
1740,58.00,0.00,0.00,0.00,0.00
1741,58.03,100.00,0.00,0.00,0.00
1742,58.07,100.00,0.00,0.00,0.00
1743,58.10,100.00,0.00,0.00,0.00
1744,58.13,100.00,0.00,0.00,0.00
1745,58.17,100.00,0.00,0.00,0.00
1746,58.20,100.00,0.00,0.00,0.00
1747,58.23,100.00,0.00,0.00,0.00
1748,58.27,100.00,0.00,0.00,0.00
1749,58.30,100.00,0.00,0.00,0.00
1750,58.33,100.00,0.00,0.00,0.00
1751,58.37,100.00,0.00,0.00,0.00
1752,58.40,100.00,0.00,0.00,0.00
1753,58.43,100.00,0.00,0.00,0.00
1754,58.47,100.00,0.00,0.00,0.00
1755,58.50,100.00,0.00,0.00,0.00
1756,58.53,0.00,0.00,0.00,0.00
1757,58.57,0.00,0.00,0.00,0.00
1758,58.60,0.00,0.00,0.00,0.00
1759,58.63,0.00,0.00,0.00,0.00
1760,58.67,0.00,0.00,0.00,0.00
1761,58.70,0.00,0.00,0.00,0.00
1762,58.73,0.00,0.00,0.00,0.00
1763,58.77,0.00,0.00,0.00,0.00
1764,58.80,0.00,0.00,0.00,0.00
1765,58.83,0.00,0.00,0.00,0.00
1766,58.87,0.00,0.00,0.00,0.00
1767,58.90,0.00,0.00,0.00,0.00
1768,58.93,0.00,0.00,0.00,0.00
1769,58.97,0.00,0.00,0.00,0.00
1770,59.00,0.00,0.00,0.00,0.00
1771,59.03,0.00,0.00,0.00,0.00
1772,59.07,0.00,0.00,0.00,0.00
1773,59.10,0.00,0.00,0.00,0.00
1774,59.13,0.00,0.00,0.00,0.00
1775,59.17,0.00,0.00,0.00,0.00
1776,59.20,0.00,0.00,0.00,0.00
1777,59.23,0.00,0.00,0.00,0.00
1778,59.27,0.00,0.00,0.00,0.00
1779,59.30,0.00,0.00,0.00,0.00
1780,59.33,0.00,0.00,0.00,0.00
1781,59.37,0.00,0.00,0.00,0.00
1782,59.40,0.00,0.00,0.00,0.00
1783,59.43,0.00,0.00,0.00,0.00
1784,59.47,0.00,0.00,0.00,0.00
1785,59.50,0.00,0.00,0.00,0.00
1786,59.53,0.00,0.00,0.00,0.00
1787,59.57,0.00,0.00,0.00,0.00
1788,59.60,0.00,0.00,0.00,0.00
1789,59.63,0.00,0.00,0.00,0.00
1790,59.67,0.00,0.00,0.00,0.00
1791,59.70,0.00,0.00,0.00,0.00
1792,59.73,0.00,0.00,0.00,0.00
1793,59.77,0.00,0.00,0.00,0.00
1794,59.80,0.00,0.00,0.00,0.00
1795,59.83,0.00,0.00,0.00,0.00
1796,59.87,0.00,0.00,0.00,0.00
1797,59.90,0.00,0.00,0.00,0.00
1798,59.93,0.00,0.00,0.00,0.00
1799,59.97,0.00,0.00,0.00,0.00
1800,60.00,0.00,0.00,0.00,0.00
1801,60.03,0.00,0.00,0.00,0.00
1802,60.07,0.00,0.00,0.00,0.00
1803,60.10,0.00,0.00,0.00,0.00
1804,60.13,0.00,0.00,0.00,0.00
1805,60.17,0.00,0.00,0.00,0.00
1806,60.20,0.00,0.00,0.00,0.00
1807,60.23,0.00,0.00,0.00,0.00
1808,60.27,0.00,0.00,0.00,0.00
1809,60.30,0.00,0.00,0.00,0.00
1810,60.33,0.00,0.00,0.00,0.00
1811,60.37,0.00,0.00,0.00,0.00
1812,60.40,0.00,0.00,0.00,0.00
1813,60.43,0.00,0.00,0.00,0.00
1814,60.47,0.00,0.00,0.00,0.00
1815,60.50,0.00,0.00,0.00,0.00
1816,60.53,0.00,0.00,0.00,0.00
1817,60.57,0.00,0.00,0.00,0.00
1818,60.60,0.00,0.00,0.00,0.00
1819,60.63,0.00,0.00,0.00,0.00
1820,60.67,0.00,0.00,0.00,0.00
1821,60.70,0.00,0.00,0.00,0.00
1822,60.73,0.00,0.00,0.00,0.00
1823,60.77,0.00,0.00,0.00,0.00
1824,60.80,0.00,0.00,0.00,0.00
1825,60.83,0.00,0.00,0.00,0.00
1826,60.87,0.00,0.00,0.00,0.00
1827,60.90,0.00,0.00,0.00,0.00
1828,60.93,0.00,0.00,0.00,0.00
1829,60.97,0.00,0.00,0.00,0.00
1830,61.00,0.00,0.00,0.00,0.00
1831,61.03,0.00,0.00,0.00,0.00
1832,61.07,0.00,0.00,0.00,0.00
1833,61.10,0.00,0.00,0.00,0.00
1834,61.13,0.00,0.00,0.00,0.00
1835,61.17,0.00,0.00,0.00,0.00
1836,61.20,0.00,0.00,0.00,0.00
1837,61.23,0.00,0.00,0.00,0.00
1838,61.27,0.00,0.00,0.00,0.00
1839,61.30,0.00,0.00,0.00,0.00
1840,61.33,0.00,0.00,0.00,0.00
1841,61.37,0.00,0.00,0.00,0.00
1842,61.40,0.00,0.00,0.00,0.00
1843,61.43,0.00,0.00,0.00,0.00
1844,61.47,0.00,0.00,0.00,0.00
1845,61.50,0.00,0.00,0.00,0.00
1846,61.53,100.00,0.00,0.00,0.00
1847,61.57,100.00,0.00,0.00,0.00
1848,61.60,100.00,0.00,0.00,0.00
1849,61.63,100.00,0.00,0.00,0.00
1850,61.67,100.00,0.00,0.00,0.00
1851,61.70,100.00,0.00,0.00,0.00
1852,61.73,100.00,0.00,0.00,0.00
1853,61.77,100.00,0.00,0.00,0.00
1854,61.80,100.00,0.00,0.00,0.00
1855,61.83,100.00,0.00,0.00,0.00
1856,61.87,100.00,0.00,0.00,0.00
1857,61.90,100.00,0.00,0.00,0.00
1858,61.93,100.00,0.00,0.00,0.00
1859,61.97,100.00,0.00,0.00,0.00
1860,62.00,100.00,0.00,0.00,0.00
1861,62.03,0.00,0.00,0.00,0.00
1862,62.07,0.00,0.00,0.00,0.00
1863,62.10,0.00,0.00,0.00,0.00
1864,62.13,0.00,0.00,0.00,0.00
1865,62.17,0.00,0.00,0.00,0.00
1866,62.20,0.00,0.00,0.00,0.00
1867,62.23,0.00,0.00,0.00,0.00
1868,62.27,0.00,0.00,0.00,0.00
1869,62.30,0.00,0.00,0.00,0.00
1870,62.33,0.00,0.00,0.00,0.00
1871,62.37,0.00,0.00,0.00,0.00
1872,62.40,0.00,0.00,0.00,0.00
1873,62.43,0.00,0.00,0.00,0.00
1874,62.47,0.00,0.00,0.00,0.00
1875,62.50,0.00,0.00,0.00,0.00
1876,62.53,0.00,0.00,0.00,0.00
1877,62.57,0.00,0.00,0.00,0.00
1878,62.60,0.00,0.00,0.00,0.00
1879,62.63,0.00,0.00,0.00,0.00
1880,62.67,0.00,0.00,0.00,0.00
1881,62.70,0.00,0.00,0.00,0.00
1882,62.73,0.00,0.00,0.00,0.00
1883,62.77,0.00,0.00,0.00,0.00
1884,62.80,0.00,0.00,0.00,0.00
1885,62.83,0.00,0.00,0.00,0.00
1886,62.87,0.00,0.00,0.00,0.00
1887,62.90,0.00,0.00,0.00,0.00
1888,62.93,0.00,0.00,0.00,0.00
1889,62.97,0.00,0.00,0.00,0.00
1890,63.00,0.00,0.00,0.00,0.00
1891,63.03,0.00,0.00,0.00,0.00
1892,63.07,0.00,0.00,0.00,0.00
1893,63.10,0.00,0.00,0.00,0.00
1894,63.13,0.00,0.00,0.00,0.00
1895,63.17,0.00,0.00,0.00,0.00
1896,63.20,0.00,0.00,0.00,0.00
1897,63.23,0.00,0.00,0.00,0.00
1898,63.27,0.00,0.00,0.00,0.00
1899,63.30,0.00,0.00,0.00,0.00
1900,63.33,0.00,0.00,0.00,0.00
1901,63.37,0.00,0.00,0.00,0.00
1902,63.40,0.00,0.00,0.00,0.00
1903,63.43,0.00,0.00,0.00,0.00
1904,63.47,0.00,0.00,0.00,0.00
1905,63.50,0.00,0.00,0.00,0.00
1906,63.53,0.00,0.00,0.00,0.00
1907,63.57,0.00,0.00,0.00,0.00
1908,63.60,0.00,0.00,0.00,0.00
1909,63.63,0.00,0.00,0.00,0.00
1910,63.67,0.00,0.00,0.00,0.00
1911,63.70,0.00,0.00,0.00,0.00
1912,63.73,0.00,0.00,0.00,0.00
1913,63.77,0.00,0.00,0.00,0.00
1914,63.80,0.00,0.00,0.00,0.00
1915,63.83,0.00,0.00,0.00,0.00
1916,63.87,0.00,0.00,0.00,0.00
1917,63.90,0.00,0.00,0.00,0.00
1918,63.93,0.00,0.00,0.00,0.00
1919,63.97,0.00,0.00,0.00,0.00
1920,64.00,0.00,0.00,0.00,0.00
1921,64.03,0.00,0.00,0.00,0.00
1922,64.07,0.00,0.00,0.00,0.00
1923,64.10,0.00,0.00,0.00,0.00
1924,64.13,0.00,0.00,0.00,0.00
1925,64.17,0.00,0.00,0.00,0.00
1926,64.20,0.00,0.00,0.00,0.00
1927,64.23,0.00,0.00,0.00,0.00
1928,64.27,0.00,0.00,0.00,0.00
1929,64.30,0.00,0.00,0.00,0.00
1930,64.33,0.00,0.00,0.00,0.00
1931,64.37,0.00,0.00,0.00,0.00
1932,64.40,0.00,0.00,0.00,0.00
1933,64.43,0.00,0.00,0.00,0.00
1934,64.47,0.00,0.00,0.00,0.00
1935,64.50,0.00,0.00,0.00,0.00
1936,64.53,0.00,0.00,0.00,0.00
1937,64.57,0.00,0.00,0.00,0.00
1938,64.60,0.00,0.00,0.00,0.00
1939,64.63,0.00,0.00,0.00,0.00
1940,64.67,0.00,0.00,0.00,0.00
1941,64.70,0.00,0.00,0.00,0.00
1942,64.73,0.00,0.00,0.00,0.00
1943,64.77,0.00,0.00,0.00,0.00
1944,64.80,0.00,0.00,0.00,0.00
1945,64.83,0.00,0.00,0.00,0.00
1946,64.87,0.00,0.00,0.00,0.00
1947,64.90,0.00,0.00,0.00,0.00
1948,64.93,0.00,0.00,0.00,0.00
1949,64.97,0.00,0.00,0.00,0.00
1950,65.00,0.00,0.00,0.00,0.00
